record_id,experiment,repeat,batch_size,qname,date,truth,served_model,choice,p_choice,p_max,deficit,mismatch,is_tie,n_argmax_options,top2_gap,gap_bucket,confidence,p_unknown,prob_sum,choice_correct,p_Monday,p_Tuesday,p_Wednesday,p_Thursday,p_Friday,p_Saturday,p_Sunday,p_Unknown
batch:000,batch,0,4,q0,2028-04-04,Tuesday,jev-1.13.0,Tuesday,0.16,0.16,0.0,0,0,1,0.01,<=0.01,0.03,0.05,1.0,1,0.13,0.16,0.13,0.13,0.13,0.15,0.12,0.05
batch:000,batch,0,4,q1,2031-05-26,Monday,jev-1.13.0,Saturday,0.14,0.15000000000000002,0.01,1,0,1,0.01,<=0.01,0.02,0.08,1.0,0,0.13,0.15000000000000002,0.13,0.12,0.14,0.14,0.11,0.08
batch:000,batch,0,4,q2,2035-10-16,Tuesday,jev-1.13.0,Wednesday,0.13,0.14,0.01,1,1,2,0.0,0 (exact tie),0.02,0.09,1.0,0,0.13,0.14,0.13,0.13,0.13,0.14,0.11,0.09
batch:000,batch,0,4,q3,2035-10-18,Thursday,jev-1.13.0,Saturday,0.14,0.14,0.0,0,0,1,0.01,<=0.01,0.01,0.11,1.0,0,0.12,0.13,0.13,0.13,0.13,0.14,0.11,0.11
batch:001,batch,0,4,q0,2035-10-28,Sunday,jev-1.13.0,Saturday,0.14,0.14,0.0,0,1,2,0.0,0 (exact tie),0.02,0.09,1.0,0,0.13,0.13,0.13,0.12,0.14,0.14,0.12,0.09
batch:001,batch,0,4,q1,2039-07-05,Tuesday,jev-1.13.0,Friday,0.14,0.14,0.0,0,0,1,0.01,<=0.01,0.02,0.1,1.0,0,0.13,0.13,0.13,0.12,0.14,0.13,0.12,0.1
batch:001,batch,0,4,q2,2039-11-10,Thursday,jev-1.13.0,Friday,0.15000000000000002,0.15000000000000002,0.0,0,0,1,0.02,>0.01,0.01,0.1,1.0,0,0.13,0.13,0.13,0.12,0.15000000000000002,0.13,0.11,0.1
batch:001,batch,0,4,q3,2042-11-08,Saturday,jev-1.13.0,Tuesday,0.15000000000000002,0.15000000000000002,0.0,0,0,1,0.02,>0.01,0.02,0.09,1.0,0,0.13,0.15000000000000002,0.13,0.12,0.13,0.13,0.12,0.09
batch:002,batch,0,4,q0,2043-06-10,Wednesday,jev-1.13.0,Tuesday,0.14,0.14,0.0,0,1,3,0.0,0 (exact tie),0.02,0.08,1.0,0,0.13,0.14,0.14,0.12,0.13,0.14,0.12,0.08
batch:002,batch,0,4,q1,2044-03-05,Saturday,jev-1.13.0,Tuesday,0.15,0.15,0.0,0,0,1,0.01,<=0.01,0.04,0.07,1.0,0,0.14,0.15,0.14,0.12,0.13,0.14,0.11,0.07
batch:002,batch,0,4,q2,2044-08-25,Thursday,jev-1.13.0,Saturday,0.15,0.15,0.0,0,0,1,0.01,<=0.01,0.02,0.09,1.0,0,0.13,0.13,0.13,0.12,0.14,0.15,0.11,0.09
batch:002,batch,0,4,q3,2046-07-30,Monday,jev-1.13.0,Saturday,0.14,0.14,0.0,0,1,2,0.0,0 (exact tie),0.02,0.08,1.0,0,0.14,0.13,0.13,0.13,0.13,0.14,0.12,0.08
batch:003,batch,0,4,q0,2047-04-23,Tuesday,jev-1.13.0,Saturday,0.14,0.14,0.0,0,1,4,0.0,0 (exact tie),0.02,0.08,1.0,0,0.12,0.14,0.14,0.12,0.14,0.14,0.12,0.08
batch:003,batch,0,4,q1,2049-03-23,Tuesday,jev-1.13.0,Saturday,0.14,0.14,0.0,0,1,3,0.0,0 (exact tie),0.02,0.09,1.0,0,0.12,0.14,0.14,0.12,0.13,0.14,0.12,0.09
batch:003,batch,0,4,q2,2051-04-12,Wednesday,jev-1.13.0,Tuesday,0.14,0.14,0.0,0,1,2,0.0,0 (exact tie),0.01,0.09,1.0,0,0.13,0.14,0.13,0.12,0.14,0.13,0.12,0.09
batch:003,batch,0,4,q3,2051-04-22,Saturday,jev-1.13.0,Tuesday,0.15000000000000002,0.15000000000000002,0.0,0,0,1,0.02,>0.01,0.01,0.09,1.0,0,0.13,0.15000000000000002,0.13,0.12,0.13,0.13,0.12,0.09
batch:004,batch,0,4,q0,2052-05-31,Friday,jev-1.13.0,Saturday,0.13999999999999999,0.14,0.0,0,1,3,0.0,0 (exact tie),0.03,0.07,1.0,0,0.13,0.14,0.13,0.13,0.14,0.13999999999999999,0.12,0.07
batch:004,batch,0,4,q1,2054-01-27,Tuesday,jev-1.13.0,Tuesday,0.15000000000000002,0.15000000000000002,0.0,0,0,1,0.01,<=0.01,0.02,0.07,1.0,1,0.14,0.15000000000000002,0.13,0.12,0.13,0.14,0.12,0.07
batch:004,batch,0,4,q2,2054-12-20,Sunday,jev-1.13.0,Friday,0.14,0.14,0.0,0,0,1,0.01,<=0.01,0.02,0.1,1.0,0,0.13,0.12,0.13,0.12,0.14,0.13,0.13,0.1
batch:004,batch,0,4,q3,2056-02-11,Friday,jev-1.13.0,Tuesday,0.13999999999999999,0.14,0.0,0,1,2,0.0,0 (exact tie),0.02,0.08,1.0,0,0.13,0.13999999999999999,0.13,0.13,0.13,0.14,0.12,0.08
batch:005,batch,0,4,q0,2057-05-30,Wednesday,jev-1.13.0,Saturday,0.16,0.16,0.0,0,0,1,0.02,>0.01,0.03,0.07,1.0,0,0.13,0.13,0.13,0.12,0.14,0.16,0.12,0.07
batch:005,batch,0,4,q1,2058-02-26,Tuesday,jev-1.13.0,Friday,0.14,0.14,0.0,0,0,1,0.01,<=0.01,0.01,0.1,1.0,0,0.13,0.13,0.13,0.12,0.14,0.13,0.12,0.1
batch:005,batch,0,4,q2,2058-12-30,Monday,jev-1.13.0,Saturday,0.14,0.14,0.0,0,1,2,0.0,0 (exact tie),0.02,0.08,1.0,0,0.13,0.13,0.13,0.12,0.14,0.14,0.13,0.08
batch:005,batch,0,4,q3,2059-12-11,Thursday,jev-1.13.0,Friday,0.14,0.14,0.0,0,1,2,0.0,0 (exact tie),0.02,0.09,1.0,0,0.13,0.13,0.13,0.12,0.14,0.14,0.12,0.09
batch:006,batch,0,4,q0,2060-01-23,Friday,jev-1.13.0,Saturday,0.14,0.14,0.0,0,1,2,0.0,0 (exact tie),0.02,0.09,1.0,0,0.13,0.13,0.14,0.12,0.13,0.14,0.12,0.09
batch:006,batch,0,4,q1,2060-10-10,Sunday,jev-1.13.0,Saturday,0.14,0.14,0.0,0,1,4,0.0,0 (exact tie),0.02,0.07,1.0,0,0.13,0.14,0.14,0.12,0.14,0.14,0.12,0.07
batch:006,batch,0,4,q2,2062-01-03,Tuesday,jev-1.13.0,Tuesday,0.16,0.16,0.0,0,0,1,0.01,<=0.01,0.02,0.06,1.0,1,0.14,0.16,0.13,0.12,0.12,0.15000000000000002,0.12,0.06
batch:006,batch,0,4,q3,2062-05-04,Thursday,jev-1.13.0,Tuesday,0.14,0.14,0.0,0,1,3,0.0,0 (exact tie),0.02,0.07,1.0,0,0.13,0.14,0.13,0.13,0.14,0.14,0.12,0.07
batch:007,batch,0,4,q0,2063-04-21,Saturday,jev-1.13.0,Tuesday,0.14,0.14,0.0,0,1,3,0.0,0 (exact tie),0.02,0.09,1.0,0,0.12,0.14,0.13,0.12,0.14,0.14,0.12,0.09
batch:007,batch,0,4,q1,2064-03-18,Tuesday,jev-1.13.0,Tuesday,0.15000000000000002,0.15000000000000002,0.0,0,0,1,0.02,>0.01,0.02,0.1,1.0,1,0.12,0.15000000000000002,0.13,0.12,0.13,0.13,0.12,0.1
batch:007,batch,0,4,q2,2066-11-30,Tuesday,jev-1.13.0,Saturday,0.14,0.14,0.0,0,0,1,0.01,<=0.01,0.01,0.11,1.0,0,0.13,0.13,0.12,0.12,0.13,0.14,0.12,0.11
batch:007,batch,0,4,q3,2068-12-12,Wednesday,jev-1.13.0,Tuesday,0.14,0.14,0.0,0,1,2,0.0,0 (exact tie),0.02,0.09,1.0,0,0.13,0.14,0.13,0.12,0.13,0.14,0.12,0.09
batch:008,batch,0,4,q0,2072-11-22,Tuesday,jev-1.13.0,Saturday,0.13,0.14,0.01,1,0,1,0.01,<=0.01,0.02,0.08,1.0,0,0.13,0.13,0.13,0.13,0.14,0.13,0.13,0.08
batch:008,batch,0,4,q1,2074-11-09,Friday,jev-1.13.0,Friday,0.14,0.14,0.0,0,1,2,0.0,0 (exact tie),0.01,0.09,1.0,1,0.14,0.13,0.13,0.12,0.14,0.13,0.12,0.09
batch:008,batch,0,4,q2,2077-02-04,Thursday,jev-1.13.0,Tuesday,0.14,0.14,0.0,0,1,2,0.0,0 (exact tie),0.02,0.08,1.0,0,0.14,0.14,0.13,0.12,0.13,0.13,0.13,0.08
batch:008,batch,0,4,q3,2078-01-30,Sunday,jev-1.13.0,Tuesday,0.15000000000000002,0.15000000000000002,0.0,0,0,1,0.01,<=0.01,0.02,0.08,1.0,0,0.13,0.15000000000000002,0.13,0.12,0.13,0.14,0.12,0.08
batch:009,batch,0,4,q0,2079-06-29,Thursday,jev-1.13.0,Saturday,0.15000000000000002,0.15000000000000002,0.0,0,0,1,0.01,<=0.01,0.02,0.1,1.0,0,0.12,0.13,0.13,0.11,0.14,0.15000000000000002,0.12,0.1
batch:009,batch,0,4,q1,2085-10-01,Monday,jev-1.13.0,Friday,0.15000000000000002,0.15000000000000002,0.0,0,0,1,0.02,>0.01,0.01,0.12,1.0,0,0.13,0.13,0.12,0.11,0.15000000000000002,0.12,0.12,0.12
batch:009,batch,0,4,q2,2087-06-25,Wednesday,jev-1.13.0,Tuesday,0.13,0.14,0.01,1,1,2,0.0,0 (exact tie),0.02,0.09,1.0,0,0.13,0.13,0.13,0.12,0.14,0.14,0.12,0.09
batch:009,batch,0,4,q3,2087-08-06,Wednesday,jev-1.13.0,Saturday,0.14,0.14,0.0,0,1,2,0.0,0 (exact tie),0.02,0.09,1.0,0,0.13,0.13,0.13,0.12,0.14,0.14,0.12,0.09
batch:010,batch,0,4,q0,2087-08-07,Thursday,jev-1.13.0,Saturday,0.13,0.14,0.01,1,0,1,0.01,<=0.01,0.02,0.1,1.0,0,0.13,0.13,0.12,0.12,0.14,0.13,0.13,0.1
batch:010,batch,0,4,q1,2089-02-19,Saturday,jev-1.13.0,Tuesday,0.14,0.14,0.0,0,0,1,0.01,<=0.01,0.02,0.09,1.0,0,0.13,0.14,0.13,0.12,0.13,0.13,0.13,0.09
batch:010,batch,0,4,q2,2091-05-15,Tuesday,jev-1.13.0,Friday,0.14,0.14,0.0,0,0,1,0.01,<=0.01,0.02,0.11,1.0,0,0.12,0.13,0.13,0.12,0.14,0.13,0.12,0.11
batch:010,batch,0,4,q3,2091-10-04,Thursday,jev-1.13.0,Tuesday,0.14,0.14,0.0,0,1,2,0.0,0 (exact tie),0.02,0.09,1.0,0,0.13,0.14,0.13,0.12,0.13,0.14,0.12,0.09
batch:011,batch,0,4,q0,2093-07-24,Friday,jev-1.13.0,Friday,0.14,0.14,0.0,0,1,3,0.0,0 (exact tie),0.02,0.08,1.0,1,0.13,0.14,0.13,0.12,0.14,0.14,0.12,0.08
batch:011,batch,0,4,q1,2093-09-19,Saturday,jev-1.13.0,Friday,0.14,0.14,0.0,0,0,1,0.01,<=0.01,0.01,0.12,1.0,0,0.12,0.13,0.13,0.11,0.14,0.13,0.12,0.12
batch:011,batch,0,4,q2,2094-06-14,Monday,jev-1.13.0,Tuesday,0.16,0.16,0.0,0,0,1,0.02,>0.01,0.02,0.06,1.0,0,0.13,0.16,0.14,0.13,0.13,0.14,0.11,0.06
batch:011,batch,0,4,q3,2095-05-14,Saturday,jev-1.13.0,Tuesday,0.14,0.14,0.0,0,1,2,0.0,0 (exact tie),0.02,0.08,1.0,0,0.13,0.14,0.13,0.12,0.13,0.14,0.13,0.08
batch:012,batch,0,2,q0,2098-03-21,Friday,jev-1.13.0,Tuesday,0.13,0.14,0.01,1,0,1,0.01,<=0.01,0.01,0.1,1.0,0,0.12,0.13,0.14,0.12,0.13,0.13,0.13,0.1
batch:012,batch,0,2,q1,2098-11-09,Sunday,jev-1.13.0,Tuesday,0.13,0.14,0.01,1,1,2,0.0,0 (exact tie),0.02,0.09,1.0,0,0.13,0.13,0.13,0.12,0.14,0.14,0.12,0.09
repeat:2028-04-04:0,determinism,0,1,q0,2028-04-04,Tuesday,jev-1.13.0,Saturday,0.15,0.15,0.0,0,0,1,0.01,<=0.01,0.03,0.06,1.0,0,0.13,0.14,0.14,0.12,0.13,0.15,0.13,0.06
repeat:2028-04-04:1,determinism,1,1,q0,2028-04-04,Tuesday,jev-1.13.0,Tuesday,0.16,0.16,0.0,0,0,1,0.01,<=0.01,0.04,0.05,1.0,1,0.13,0.16,0.13,0.13,0.13,0.15,0.12,0.05
repeat:2028-04-04:2,determinism,2,1,q0,2028-04-04,Tuesday,jev-1.13.0,Saturday,0.14,0.14,0.0,0,1,4,0.0,0 (exact tie),0.02,0.07,1.0,0,0.14,0.14,0.14,0.12,0.13,0.14,0.12,0.07
repeat:2028-04-04:3,determinism,3,1,q0,2028-04-04,Tuesday,jev-1.13.0,Saturday,0.16,0.16,0.0,0,0,1,0.01,<=0.01,0.03,0.06,1.0,0,0.13,0.15000000000000002,0.13,0.12,0.13,0.16,0.12,0.06
repeat:2028-04-04:4,determinism,4,1,q0,2028-04-04,Tuesday,jev-1.13.0,Tuesday,0.15000000000000002,0.15000000000000002,0.0,0,1,2,0.0,0 (exact tie),0.02,0.06,1.0,1,0.13,0.15000000000000002,0.13,0.13,0.13,0.15000000000000002,0.12,0.06
repeat:2031-05-26:0,determinism,0,1,q0,2031-05-26,Monday,jev-1.13.0,Wednesday,0.13,0.14,0.01,1,1,3,0.0,0 (exact tie),0.02,0.08,1.0,0,0.13,0.14,0.13,0.13,0.14,0.14,0.11,0.08
repeat:2031-05-26:1,determinism,1,1,q0,2031-05-26,Monday,jev-1.13.0,Saturday,0.14,0.14,0.0,0,1,3,0.0,0 (exact tie),0.02,0.09,1.0,0,0.12,0.14,0.13,0.12,0.14,0.14,0.12,0.09
repeat:2031-05-26:2,determinism,2,1,q0,2031-05-26,Monday,jev-1.13.0,Saturday,0.14,0.14,0.0,0,1,3,0.0,0 (exact tie),0.02,0.08,1.0,0,0.13,0.14,0.13,0.12,0.14,0.14,0.12,0.08
repeat:2031-05-26:3,determinism,3,1,q0,2031-05-26,Monday,jev-1.13.0,Saturday,0.15000000000000002,0.15000000000000002,0.0,0,0,1,0.01,<=0.01,0.02,0.09,1.0,0,0.12,0.13,0.13,0.12,0.14,0.15000000000000002,0.12,0.09
repeat:2031-05-26:4,determinism,4,1,q0,2031-05-26,Monday,jev-1.13.0,Saturday,0.14,0.14,0.0,0,1,2,0.0,0 (exact tie),0.02,0.08,1.0,0,0.13,0.13,0.13,0.13,0.14,0.14,0.12,0.08
repeat:2035-10-16:0,determinism,0,1,q0,2035-10-16,Tuesday,jev-1.13.0,Tuesday,0.14,0.14,0.0,0,1,2,0.0,0 (exact tie),0.01,0.09,1.0,1,0.13,0.14,0.14,0.13,0.13,0.13,0.11,0.09
repeat:2035-10-16:1,determinism,1,1,q0,2035-10-16,Tuesday,jev-1.13.0,Tuesday,0.13,0.13,0.0,0,1,5,0.0,0 (exact tie),0.01,0.11,1.0,1,0.13,0.13,0.13,0.12,0.13,0.13,0.12,0.11
repeat:2035-10-16:2,determinism,2,1,q0,2035-10-16,Tuesday,jev-1.13.0,Tuesday,0.14,0.14,0.0,0,0,1,0.01,<=0.01,0.02,0.1,1.0,1,0.13,0.14,0.13,0.12,0.13,0.13,0.12,0.1
repeat:2035-10-16:3,determinism,3,1,q0,2035-10-16,Tuesday,jev-1.13.0,Wednesday,0.14,0.14,0.0,0,1,2,0.0,0 (exact tie),0.01,0.1,1.0,0,0.12,0.14,0.14,0.12,0.13,0.13,0.12,0.1
repeat:2035-10-16:4,determinism,4,1,q0,2035-10-16,Tuesday,jev-1.13.0,Saturday,0.13,0.13,0.0,0,1,5,0.0,0 (exact tie),0.01,0.11,1.0,0,0.13,0.13,0.13,0.12,0.13,0.13,0.12,0.11
repeat:2035-10-18:0,determinism,0,1,q0,2035-10-18,Thursday,jev-1.13.0,Tuesday,0.14,0.14,0.0,0,0,1,0.01,<=0.01,0.01,0.12,1.0,0,0.12,0.14,0.13,0.12,0.13,0.13,0.11,0.12
repeat:2035-10-18:1,determinism,1,1,q0,2035-10-18,Thursday,jev-1.13.0,Tuesday,0.14,0.14,0.0,0,0,1,0.01,<=0.01,0.01,0.11,1.0,0,0.12,0.14,0.13,0.12,0.13,0.13,0.12,0.11
repeat:2035-10-18:2,determinism,2,1,q0,2035-10-18,Thursday,jev-1.13.0,Friday,0.14,0.14,0.0,0,1,2,0.0,0 (exact tie),0.01,0.1,1.0,0,0.13,0.14,0.13,0.12,0.14,0.13,0.11,0.1
repeat:2035-10-18:3,determinism,3,1,q0,2035-10-18,Thursday,jev-1.13.0,Tuesday,0.14,0.14,0.0,0,0,1,0.01,<=0.01,0.02,0.1,1.0,0,0.13,0.14,0.13,0.12,0.13,0.13,0.12,0.1
repeat:2035-10-18:4,determinism,4,1,q0,2035-10-18,Thursday,jev-1.13.0,Tuesday,0.14,0.14,0.0,0,1,3,0.0,0 (exact tie),0.02,0.1,1.0,0,0.12,0.14,0.13,0.12,0.14,0.14,0.11,0.1
repeat:2035-10-28:0,determinism,0,1,q0,2035-10-28,Sunday,jev-1.13.0,Saturday,0.15000000000000002,0.15000000000000002,0.0,0,0,1,0.01,<=0.01,0.02,0.09,1.0,0,0.12,0.13,0.13,0.12,0.14,0.15000000000000002,0.12,0.09
repeat:2035-10-28:1,determinism,1,1,q0,2035-10-28,Sunday,jev-1.13.0,Saturday,0.14,0.14,0.0,0,1,3,0.0,0 (exact tie),0.02,0.09,1.0,0,0.12,0.14,0.13,0.12,0.14,0.14,0.12,0.09
repeat:2035-10-28:2,determinism,2,1,q0,2035-10-28,Sunday,jev-1.13.0,Saturday,0.13999999999999999,0.14,0.0,0,1,3,0.0,0 (exact tie),0.02,0.08,1.0,0,0.13,0.14,0.13,0.12,0.14,0.13999999999999999,0.12,0.08
repeat:2035-10-28:3,determinism,3,1,q0,2035-10-28,Sunday,jev-1.13.0,Saturday,0.15,0.15,0.0,0,0,1,0.01,<=0.01,0.03,0.07,1.0,0,0.13,0.14,0.13,0.12,0.14,0.15,0.12,0.07
repeat:2035-10-28:4,determinism,4,1,q0,2035-10-28,Sunday,jev-1.13.0,Saturday,0.13,0.14,0.01,1,0,1,0.01,<=0.01,0.02,0.1,1.0,0,0.13,0.13,0.13,0.12,0.14,0.13,0.12,0.1
repeat:2039-07-05:0,determinism,0,1,q0,2039-07-05,Tuesday,jev-1.13.0,Friday,0.14,0.14,0.0,0,0,1,0.01,<=0.01,0.02,0.1,1.0,0,0.13,0.13,0.13,0.12,0.14,0.13,0.12,0.1
repeat:2039-07-05:1,determinism,1,1,q0,2039-07-05,Tuesday,jev-1.13.0,Friday,0.15000000000000002,0.15000000000000002,0.0,0,0,1,0.02,>0.01,0.01,0.09,1.0,0,0.13,0.13,0.13,0.12,0.15000000000000002,0.13,0.12,0.09
repeat:2039-07-05:2,determinism,2,1,q0,2039-07-05,Tuesday,jev-1.13.0,Friday,0.14,0.15000000000000002,0.01,1,0,1,0.01,<=0.01,0.02,0.08,1.0,0,0.13,0.15000000000000002,0.13,0.12,0.14,0.13,0.12,0.08
repeat:2039-07-05:3,determinism,3,1,q0,2039-07-05,Tuesday,jev-1.13.0,Friday,0.15000000000000002,0.15000000000000002,0.0,0,0,1,0.02,>0.01,0.02,0.09,1.0,0,0.13,0.13,0.13,0.12,0.15000000000000002,0.13,0.12,0.09
repeat:2039-07-05:4,determinism,4,1,q0,2039-07-05,Tuesday,jev-1.13.0,Tuesday,0.13,0.14,0.01,1,0,1,0.01,<=0.01,0.01,0.1,1.0,1,0.13,0.13,0.13,0.12,0.14,0.13,0.12,0.1
repeat:2039-11-10:0,determinism,0,1,q0,2039-11-10,Thursday,jev-1.13.0,Saturday,0.13,0.14,0.01,1,0,1,0.01,<=0.01,0.02,0.09,1.0,0,0.13,0.13,0.13,0.13,0.14,0.13,0.12,0.09
repeat:2039-11-10:1,determinism,1,1,q0,2039-11-10,Thursday,jev-1.13.0,Tuesday,0.14,0.14,0.0,0,1,2,0.0,0 (exact tie),0.01,0.09,1.0,0,0.13,0.14,0.13,0.12,0.14,0.13,0.12,0.09
repeat:2039-11-10:2,determinism,2,1,q0,2039-11-10,Thursday,jev-1.13.0,Friday,0.14,0.14,0.0,0,0,1,0.01,<=0.01,0.01,0.1,1.0,0,0.13,0.13,0.13,0.12,0.14,0.13,0.12,0.1
repeat:2039-11-10:3,determinism,3,1,q0,2039-11-10,Thursday,jev-1.13.0,Tuesday,0.14,0.14,0.0,0,0,1,0.01,<=0.01,0.01,0.11,1.0,0,0.13,0.14,0.13,0.12,0.13,0.13,0.11,0.11
repeat:2039-11-10:4,determinism,4,1,q0,2039-11-10,Thursday,jev-1.13.0,Friday,0.13,0.13,0.0,0,1,4,0.0,0 (exact tie),0.01,0.13,1.0,0,0.12,0.13,0.12,0.12,0.13,0.13,0.12,0.13
repeat:2042-11-08:0,determinism,0,1,q0,2042-11-08,Saturday,jev-1.13.0,Tuesday,0.14,0.14,0.0,0,1,3,0.0,0 (exact tie),0.02,0.08,1.0,0,0.13,0.14,0.13,0.12,0.14,0.14,0.12,0.08
repeat:2042-11-08:1,determinism,1,1,q0,2042-11-08,Saturday,jev-1.13.0,Tuesday,0.14,0.14,0.0,0,1,2,0.0,0 (exact tie),0.02,0.09,1.0,0,0.13,0.14,0.13,0.12,0.14,0.13,0.12,0.09
repeat:2042-11-08:2,determinism,2,1,q0,2042-11-08,Saturday,jev-1.13.0,Tuesday,0.15000000000000002,0.15000000000000002,0.0,0,0,1,0.02,>0.01,0.02,0.08,1.0,0,0.13,0.15000000000000002,0.13,0.13,0.13,0.13,0.12,0.08
repeat:2042-11-08:3,determinism,3,1,q0,2042-11-08,Saturday,jev-1.13.0,Tuesday,0.14,0.14,0.0,0,1,3,0.0,0 (exact tie),0.01,0.08,1.0,0,0.14,0.14,0.13,0.12,0.14,0.13,0.12,0.08
repeat:2042-11-08:4,determinism,4,1,q0,2042-11-08,Saturday,jev-1.13.0,Wednesday,0.13,0.14,0.01,1,1,3,0.0,0 (exact tie),0.01,0.08,1.0,0,0.13,0.14,0.13,0.12,0.14,0.14,0.12,0.08
repeat:2043-06-10:0,determinism,0,1,q0,2043-06-10,Wednesday,jev-1.13.0,Friday,0.14,0.14,0.0,0,1,3,0.0,0 (exact tie),0.02,0.09,1.0,0,0.13,0.14,0.13,0.12,0.14,0.14,0.11,0.09
repeat:2043-06-10:1,determinism,1,1,q0,2043-06-10,Wednesday,jev-1.13.0,Tuesday,0.14,0.14,0.0,0,1,4,0.0,0 (exact tie),0.02,0.08,1.0,0,0.13,0.14,0.14,0.12,0.14,0.14,0.11,0.08
repeat:2043-06-10:2,determinism,2,1,q0,2043-06-10,Wednesday,jev-1.13.0,Tuesday,0.14,0.15000000000000002,0.01,1,0,1,0.01,<=0.01,0.02,0.07,1.0,0,0.13,0.14,0.15000000000000002,0.12,0.13,0.14,0.12,0.07
repeat:2043-06-10:3,determinism,3,1,q0,2043-06-10,Wednesday,jev-1.13.0,Tuesday,0.15000000000000002,0.15000000000000002,0.0,0,1,2,0.0,0 (exact tie),0.02,0.08,1.0,0,0.13,0.15000000000000002,0.15000000000000002,0.12,0.13,0.13,0.11,0.08
repeat:2043-06-10:4,determinism,4,1,q0,2043-06-10,Wednesday,jev-1.13.0,Tuesday,0.14,0.14,0.0,0,1,3,0.0,0 (exact tie),0.02,0.08,1.0,0,0.13,0.14,0.14,0.12,0.13,0.14,0.12,0.08
repeat:2044-03-05:0,determinism,0,1,q0,2044-03-05,Saturday,jev-1.13.0,Tuesday,0.16,0.16,0.0,0,0,1,0.02,>0.01,0.03,0.06,1.0,0,0.14,0.16,0.14,0.12,0.13,0.14,0.11,0.06
repeat:2044-03-05:1,determinism,1,1,q0,2044-03-05,Saturday,jev-1.13.0,Tuesday,0.15,0.15,0.0,0,0,1,0.01,<=0.01,0.03,0.07,1.0,0,0.13,0.15,0.14,0.12,0.13,0.14,0.12,0.07
repeat:2044-03-05:2,determinism,2,1,q0,2044-03-05,Saturday,jev-1.13.0,Tuesday,0.15,0.15,0.0,0,0,1,0.01,<=0.01,0.03,0.07,1.0,0,0.13,0.15,0.14,0.12,0.13,0.14,0.12,0.07
repeat:2044-03-05:3,determinism,3,1,q0,2044-03-05,Saturday,jev-1.13.0,Tuesday,0.15,0.15,0.0,0,0,1,0.01,<=0.01,0.03,0.08,1.0,0,0.13,0.15,0.14,0.11,0.13,0.14,0.12,0.08
repeat:2044-03-05:4,determinism,4,1,q0,2044-03-05,Saturday,jev-1.13.0,Tuesday,0.13999999999999999,0.14,0.0,0,1,4,0.0,0 (exact tie),0.03,0.07,1.0,0,0.14,0.13999999999999999,0.14,0.12,0.13,0.14,0.12,0.07
repeat:2044-08-25:0,determinism,0,1,q0,2044-08-25,Thursday,jev-1.13.0,Saturday,0.13999999999999999,0.14,0.0,0,1,3,0.0,0 (exact tie),0.03,0.08,1.0,0,0.14,0.14,0.13,0.12,0.13,0.13999999999999999,0.12,0.08
repeat:2044-08-25:1,determinism,1,1,q0,2044-08-25,Thursday,jev-1.13.0,Saturday,0.13999999999999999,0.14,0.0,0,1,4,0.0,0 (exact tie),0.03,0.07,1.0,0,0.14,0.14,0.13,0.12,0.14,0.13999999999999999,0.12,0.07
repeat:2044-08-25:2,determinism,2,1,q0,2044-08-25,Thursday,jev-1.13.0,Saturday,0.14,0.15000000000000002,0.01,1,0,1,0.01,<=0.01,0.02,0.07,1.0,0,0.13,0.15000000000000002,0.13,0.12,0.14,0.14,0.12,0.07
repeat:2044-08-25:3,determinism,3,1,q0,2044-08-25,Thursday,jev-1.13.0,Saturday,0.15,0.15,0.0,0,0,1,0.01,<=0.01,0.03,0.07,1.0,0,0.13,0.14,0.14,0.12,0.14,0.15,0.11,0.07
repeat:2044-08-25:4,determinism,4,1,q0,2044-08-25,Thursday,jev-1.13.0,Saturday,0.13999999999999999,0.14,0.0,0,1,3,0.0,0 (exact tie),0.02,0.07,1.0,0,0.13,0.14,0.13,0.13,0.14,0.13999999999999999,0.12,0.07
repeat:2046-07-30:0,determinism,0,1,q0,2046-07-30,Monday,jev-1.13.0,Saturday,0.14,0.14,0.0,0,1,4,0.0,0 (exact tie),0.02,0.06,1.0,0,0.14,0.14,0.14,0.13,0.13,0.14,0.12,0.06
repeat:2046-07-30:1,determinism,1,1,q0,2046-07-30,Monday,jev-1.13.0,Saturday,0.15,0.15,0.0,0,0,1,0.01,<=0.01,0.03,0.06,1.0,0,0.14,0.14,0.13,0.13,0.13,0.15,0.12,0.06
repeat:2046-07-30:2,determinism,2,1,q0,2046-07-30,Monday,jev-1.13.0,Saturday,0.15,0.15,0.0,0,0,1,0.01,<=0.01,0.02,0.07,1.0,0,0.13,0.14,0.14,0.12,0.14,0.15,0.11,0.07
repeat:2046-07-30:3,determinism,3,1,q0,2046-07-30,Monday,jev-1.13.0,Saturday,0.14,0.14,0.0,0,1,3,0.0,0 (exact tie),0.02,0.08,1.0,0,0.14,0.13,0.13,0.12,0.14,0.14,0.12,0.08
repeat:2046-07-30:4,determinism,4,1,q0,2046-07-30,Monday,jev-1.13.0,Saturday,0.14,0.14,0.0,0,1,3,0.0,0 (exact tie),0.02,0.08,1.0,0,0.13,0.14,0.13,0.12,0.14,0.14,0.12,0.08
repeat:2047-04-23:0,determinism,0,1,q0,2047-04-23,Tuesday,jev-1.13.0,Tuesday,0.14,0.14,0.0,0,1,3,0.0,0 (exact tie),0.02,0.08,1.0,1,0.12,0.14,0.14,0.13,0.13,0.14,0.12,0.08
repeat:2047-04-23:1,determinism,1,1,q0,2047-04-23,Tuesday,jev-1.13.0,Saturday,0.14,0.14,0.0,0,0,1,0.01,<=0.01,0.02,0.09,1.0,0,0.13,0.13,0.13,0.13,0.13,0.14,0.12,0.09
repeat:2047-04-23:2,determinism,2,1,q0,2047-04-23,Tuesday,jev-1.13.0,Saturday,0.14,0.14,0.0,0,1,3,0.0,0 (exact tie),0.02,0.09,1.0,0,0.12,0.14,0.14,0.12,0.13,0.14,0.12,0.09
repeat:2047-04-23:3,determinism,3,1,q0,2047-04-23,Tuesday,jev-1.13.0,Saturday,0.14,0.14,0.0,0,0,1,0.01,<=0.01,0.01,0.1,1.0,0,0.12,0.13,0.13,0.13,0.13,0.14,0.12,0.1
repeat:2047-04-23:4,determinism,4,1,q0,2047-04-23,Tuesday,jev-1.13.0,Saturday,0.14,0.14,0.0,0,1,4,0.0,0 (exact tie),0.02,0.08,1.0,0,0.12,0.14,0.14,0.13,0.14,0.14,0.11,0.08
repeat:2049-03-23:0,determinism,0,1,q0,2049-03-23,Tuesday,jev-1.13.0,Wednesday,0.14,0.14,0.0,0,1,3,0.0,0 (exact tie),0.02,0.09,1.0,0,0.12,0.14,0.14,0.12,0.13,0.14,0.12,0.09
repeat:2049-03-23:1,determinism,1,1,q0,2049-03-23,Tuesday,jev-1.13.0,Saturday,0.14,0.14,0.0,0,1,2,0.0,0 (exact tie),0.02,0.1,1.0,0,0.12,0.14,0.13,0.12,0.13,0.14,0.12,0.1
repeat:2049-03-23:2,determinism,2,1,q0,2049-03-23,Tuesday,jev-1.13.0,Wednesday,0.14,0.14,0.0,0,1,2,0.0,0 (exact tie),0.02,0.1,1.0,0,0.12,0.14,0.14,0.12,0.13,0.13,0.12,0.1
repeat:2049-03-23:3,determinism,3,1,q0,2049-03-23,Tuesday,jev-1.13.0,Tuesday,0.14,0.15000000000000002,0.01,1,0,1,0.01,<=0.01,0.02,0.07,1.0,1,0.12,0.14,0.15000000000000002,0.13,0.13,0.14,0.12,0.07
repeat:2049-03-23:4,determinism,4,1,q0,2049-03-23,Tuesday,jev-1.13.0,Saturday,0.14,0.15000000000000002,0.01,1,0,1,0.01,<=0.01,0.02,0.1,1.0,0,0.11,0.15000000000000002,0.13,0.12,0.13,0.14,0.12,0.1
repeat:2051-04-12:0,determinism,0,1,q0,2051-04-12,Wednesday,jev-1.13.0,Saturday,0.13,0.14,0.01,1,0,1,0.01,<=0.01,0.01,0.11,1.0,0,0.12,0.13,0.13,0.12,0.14,0.13,0.12,0.11
repeat:2051-04-12:1,determinism,1,1,q0,2051-04-12,Wednesday,jev-1.13.0,Saturday,0.15000000000000002,0.15000000000000002,0.0,0,0,1,0.01,<=0.01,0.02,0.09,1.0,0,0.12,0.13,0.13,0.13,0.14,0.15000000000000002,0.11,0.09
repeat:2051-04-12:2,determinism,2,1,q0,2051-04-12,Wednesday,jev-1.13.0,Tuesday,0.14,0.14,0.0,0,0,1,0.01,<=0.01,0.02,0.1,1.0,0,0.13,0.14,0.13,0.12,0.13,0.13,0.12,0.1
repeat:2051-04-12:3,determinism,3,1,q0,2051-04-12,Wednesday,jev-1.13.0,Tuesday,0.14,0.14,0.0,0,1,3,0.0,0 (exact tie),0.02,0.08,1.0,0,0.13,0.14,0.13,0.12,0.14,0.14,0.12,0.08
repeat:2051-04-12:4,determinism,4,1,q0,2051-04-12,Wednesday,jev-1.13.0,Tuesday,0.14,0.14,0.0,0,1,2,0.0,0 (exact tie),0.01,0.1,1.0,0,0.12,0.14,0.13,0.12,0.14,0.13,0.12,0.1
repeat:2051-04-22:0,determinism,0,1,q0,2051-04-22,Saturday,jev-1.13.0,Saturday,0.13,0.14,0.01,1,0,1,0.01,<=0.01,0.01,0.09,1.0,1,0.13,0.13,0.13,0.12,0.14,0.13,0.13,0.09
repeat:2051-04-22:1,determinism,1,1,q0,2051-04-22,Saturday,jev-1.13.0,Saturday,0.13999999999999999,0.14,0.0,0,1,2,0.0,0 (exact tie),0.03,0.08,1.0,1,0.13,0.13,0.13,0.13,0.14,0.13999999999999999,0.12,0.08
repeat:2051-04-22:2,determinism,2,1,q0,2051-04-22,Saturday,jev-1.13.0,Saturday,0.14,0.14,0.0,0,1,2,0.0,0 (exact tie),0.02,0.08,1.0,1,0.13,0.13,0.14,0.13,0.13,0.14,0.12,0.08
repeat:2051-04-22:3,determinism,3,1,q0,2051-04-22,Saturday,jev-1.13.0,Saturday,0.14,0.14,0.0,0,1,2,0.0,0 (exact tie),0.01,0.09,1.0,1,0.13,0.14,0.13,0.12,0.13,0.14,0.12,0.09
repeat:2051-04-22:4,determinism,4,1,q0,2051-04-22,Saturday,jev-1.13.0,Saturday,0.16,0.16,0.0,0,0,1,0.03,>0.01,0.02,0.08,1.0,1,0.13,0.13,0.13,0.12,0.13,0.16,0.12,0.08
repeat:2052-05-31:0,determinism,0,1,q0,2052-05-31,Friday,jev-1.13.0,Saturday,0.15000000000000002,0.15000000000000002,0.0,0,0,1,0.01,<=0.01,0.02,0.07,1.0,0,0.13,0.13,0.13,0.13,0.14,0.15000000000000002,0.12,0.07
repeat:2052-05-31:1,determinism,1,1,q0,2052-05-31,Friday,jev-1.13.0,Saturday,0.14,0.14,0.0,0,1,2,0.0,0 (exact tie),0.02,0.07,1.0,0,0.13,0.13,0.13,0.13,0.14,0.14,0.13,0.07
repeat:2052-05-31:2,determinism,2,1,q0,2052-05-31,Friday,jev-1.13.0,Saturday,0.15,0.15,0.0,0,0,1,0.01,<=0.01,0.02,0.09,1.0,0,0.13,0.13,0.12,0.12,0.14,0.15,0.12,0.09
repeat:2052-05-31:3,determinism,3,1,q0,2052-05-31,Friday,jev-1.13.0,Saturday,0.15,0.15,0.0,0,0,1,0.01,<=0.01,0.03,0.07,1.0,0,0.14,0.14,0.12,0.12,0.14,0.15,0.12,0.07
repeat:2052-05-31:4,determinism,4,1,q0,2052-05-31,Friday,jev-1.13.0,Saturday,0.13999999999999999,0.14,0.0,0,1,3,0.0,0 (exact tie),0.02,0.07,1.0,0,0.13,0.14,0.13,0.13,0.14,0.13999999999999999,0.12,0.07
repeat:2054-01-27:0,determinism,0,1,q0,2054-01-27,Tuesday,jev-1.13.0,Tuesday,0.15000000000000002,0.15000000000000002,0.0,0,0,1,0.01,<=0.01,0.02,0.07,1.0,1,0.14,0.15000000000000002,0.13,0.12,0.13,0.14,0.12,0.07
repeat:2054-01-27:1,determinism,1,1,q0,2054-01-27,Tuesday,jev-1.13.0,Tuesday,0.14,0.14,0.0,0,1,2,0.0,0 (exact tie),0.01,0.08,1.0,1,0.13,0.14,0.13,0.12,0.13,0.14,0.13,0.08
repeat:2054-01-27:2,determinism,2,1,q0,2054-01-27,Tuesday,jev-1.13.0,Tuesday,0.14,0.14,0.0,0,1,3,0.0,0 (exact tie),0.01,0.08,1.0,1,0.14,0.14,0.14,0.12,0.13,0.13,0.12,0.08
repeat:2054-01-27:3,determinism,3,1,q0,2054-01-27,Tuesday,jev-1.13.0,Saturday,0.14,0.14,0.0,0,1,2,0.0,0 (exact tie),0.02,0.08,1.0,0,0.13,0.14,0.13,0.13,0.13,0.14,0.12,0.08
repeat:2054-01-27:4,determinism,4,1,q0,2054-01-27,Tuesday,jev-1.13.0,Saturday,0.14,0.14,0.0,0,1,3,0.0,0 (exact tie),0.02,0.07,1.0,0,0.13,0.14,0.14,0.13,0.13,0.14,0.12,0.07
repeat:2054-12-20:0,determinism,0,1,q0,2054-12-20,Sunday,jev-1.13.0,Saturday,0.14,0.14,0.0,0,1,2,0.0,0 (exact tie),0.02,0.09,1.0,0,0.13,0.13,0.13,0.12,0.14,0.14,0.12,0.09
repeat:2054-12-20:1,determinism,1,1,q0,2054-12-20,Sunday,jev-1.13.0,Friday,0.14,0.15000000000000002,0.01,1,0,1,0.01,<=0.01,0.02,0.09,1.0,0,0.13,0.12,0.13,0.12,0.14,0.15000000000000002,0.12,0.09
repeat:2054-12-20:2,determinism,2,1,q0,2054-12-20,Sunday,jev-1.13.0,Wednesday,0.13,0.14,0.01,1,1,2,0.0,0 (exact tie),0.01,0.08,1.0,0,0.13,0.13,0.13,0.12,0.14,0.14,0.13,0.08
repeat:2054-12-20:3,determinism,3,1,q0,2054-12-20,Sunday,jev-1.13.0,Saturday,0.13,0.14,0.01,1,0,1,0.01,<=0.01,0.01,0.1,1.0,0,0.13,0.13,0.13,0.12,0.14,0.13,0.12,0.1
repeat:2054-12-20:4,determinism,4,1,q0,2054-12-20,Sunday,jev-1.13.0,Friday,0.13,0.13,0.0,0,1,5,0.0,0 (exact tie),0.02,0.11,1.0,0,0.13,0.13,0.13,0.12,0.13,0.13,0.12,0.11
repeat:2056-02-11:0,determinism,0,1,q0,2056-02-11,Friday,jev-1.13.0,Tuesday,0.15000000000000002,0.15000000000000002,0.0,0,0,1,0.01,<=0.01,0.02,0.08,1.0,0,0.13,0.15000000000000002,0.13,0.12,0.13,0.14,0.12,0.08
repeat:2056-02-11:1,determinism,1,1,q0,2056-02-11,Friday,jev-1.13.0,Saturday,0.14,0.14,0.0,0,1,2,0.0,0 (exact tie),0.02,0.07,1.0,0,0.13,0.14,0.13,0.13,0.13,0.14,0.13,0.07
repeat:2056-02-11:2,determinism,2,1,q0,2056-02-11,Friday,jev-1.13.0,Tuesday,0.14,0.14,0.0,0,1,2,0.0,0 (exact tie),0.02,0.08,1.0,0,0.13,0.14,0.13,0.12,0.13,0.14,0.13,0.08
repeat:2056-02-11:3,determinism,3,1,q0,2056-02-11,Friday,jev-1.13.0,Tuesday,0.14,0.14,0.0,0,1,2,0.0,0 (exact tie),0.02,0.07,1.0,0,0.13,0.14,0.14,0.13,0.13,0.13,0.13,0.07
repeat:2056-02-11:4,determinism,4,1,q0,2056-02-11,Friday,jev-1.13.0,Tuesday,0.13,0.14,0.01,1,0,1,0.01,<=0.01,0.02,0.09,1.0,0,0.13,0.13,0.13,0.12,0.13,0.14,0.13,0.09
repeat:2057-05-30:0,determinism,0,1,q0,2057-05-30,Wednesday,jev-1.13.0,Saturday,0.14,0.14,0.0,0,1,3,0.0,0 (exact tie),0.02,0.08,1.0,0,0.13,0.13,0.14,0.12,0.14,0.14,0.12,0.08
repeat:2057-05-30:1,determinism,1,1,q0,2057-05-30,Wednesday,jev-1.13.0,Saturday,0.15000000000000002,0.15000000000000002,0.0,0,0,1,0.01,<=0.01,0.02,0.08,1.0,0,0.13,0.13,0.14,0.12,0.13,0.15000000000000002,0.12,0.08
repeat:2057-05-30:2,determinism,2,1,q0,2057-05-30,Wednesday,jev-1.13.0,Saturday,0.14,0.14,0.0,0,1,3,0.0,0 (exact tie),0.02,0.08,1.0,0,0.13,0.13,0.14,0.12,0.14,0.14,0.12,0.08
repeat:2057-05-30:3,determinism,3,1,q0,2057-05-30,Wednesday,jev-1.13.0,Saturday,0.13,0.14,0.01,1,0,1,0.01,<=0.01,0.02,0.09,1.0,0,0.13,0.13,0.13,0.12,0.14,0.13,0.13,0.09
repeat:2057-05-30:4,determinism,4,1,q0,2057-05-30,Wednesday,jev-1.13.0,Saturday,0.15000000000000002,0.15000000000000002,0.0,0,0,1,0.01,<=0.01,0.02,0.08,1.0,0,0.13,0.13,0.13,0.12,0.14,0.15000000000000002,0.12,0.08
repeat:2058-02-26:0,determinism,0,1,q0,2058-02-26,Tuesday,jev-1.13.0,Saturday,0.14,0.14,0.0,0,1,2,0.0,0 (exact tie),0.01,0.09,1.0,0,0.13,0.13,0.13,0.12,0.14,0.14,0.12,0.09
repeat:2058-02-26:1,determinism,1,1,q0,2058-02-26,Tuesday,jev-1.13.0,Friday,0.14,0.14,0.0,0,0,1,0.01,<=0.01,0.01,0.1,1.0,0,0.13,0.13,0.13,0.12,0.14,0.13,0.12,0.1
repeat:2058-02-26:2,determinism,2,1,q0,2058-02-26,Tuesday,jev-1.13.0,Friday,0.14,0.14,0.0,0,1,3,0.0,0 (exact tie),0.02,0.08,1.0,0,0.13,0.14,0.13,0.12,0.14,0.14,0.12,0.08
repeat:2058-02-26:3,determinism,3,1,q0,2058-02-26,Tuesday,jev-1.13.0,Saturday,0.14,0.14,0.0,0,1,3,0.0,0 (exact tie),0.02,0.08,1.0,0,0.13,0.14,0.14,0.12,0.13,0.14,0.12,0.08
repeat:2058-02-26:4,determinism,4,1,q0,2058-02-26,Tuesday,jev-1.13.0,Friday,0.15000000000000002,0.15000000000000002,0.0,0,0,1,0.02,>0.01,0.02,0.1,1.0,0,0.12,0.13,0.13,0.12,0.15000000000000002,0.13,0.12,0.1
repeat:2058-12-30:0,determinism,0,1,q0,2058-12-30,Monday,jev-1.13.0,Monday,0.14,0.15000000000000002,0.01,1,0,1,0.01,<=0.01,0.02,0.07,1.0,1,0.14,0.13,0.13,0.12,0.13,0.15000000000000002,0.13,0.07
repeat:2058-12-30:1,determinism,1,1,q0,2058-12-30,Monday,jev-1.13.0,Saturday,0.15000000000000002,0.15000000000000002,0.0,0,0,1,0.01,<=0.01,0.02,0.07,1.0,0,0.14,0.13,0.13,0.12,0.13,0.15000000000000002,0.13,0.07
repeat:2058-12-30:2,determinism,2,1,q0,2058-12-30,Monday,jev-1.13.0,Saturday,0.15,0.15,0.0,0,0,1,0.01,<=0.01,0.02,0.07,1.0,0,0.14,0.13,0.13,0.12,0.13,0.15,0.13,0.07
repeat:2058-12-30:3,determinism,3,1,q0,2058-12-30,Monday,jev-1.13.0,Saturday,0.15000000000000002,0.15000000000000002,0.0,0,0,1,0.01,<=0.01,0.02,0.07,1.0,0,0.14,0.13,0.13,0.12,0.13,0.15000000000000002,0.13,0.07
repeat:2058-12-30:4,determinism,4,1,q0,2058-12-30,Monday,jev-1.13.0,Saturday,0.14,0.14,0.0,0,1,3,0.0,0 (exact tie),0.02,0.07,1.0,0,0.14,0.14,0.13,0.12,0.13,0.14,0.13,0.07
repeat:2059-12-11:0,determinism,0,1,q0,2059-12-11,Thursday,jev-1.13.0,Friday,0.14,0.14,0.0,0,1,3,0.0,0 (exact tie),0.02,0.08,1.0,0,0.14,0.13,0.13,0.12,0.14,0.14,0.12,0.08
repeat:2059-12-11:1,determinism,1,1,q0,2059-12-11,Thursday,jev-1.13.0,Tuesday,0.14,0.14,0.0,0,1,2,0.0,0 (exact tie),0.02,0.09,1.0,0,0.13,0.14,0.14,0.12,0.13,0.13,0.12,0.09
repeat:2059-12-11:2,determinism,2,1,q0,2059-12-11,Thursday,jev-1.13.0,Monday,0.14,0.14,0.0,0,1,2,0.0,0 (exact tie),0.01,0.08,1.0,0,0.14,0.14,0.13,0.13,0.13,0.13,0.12,0.08
repeat:2059-12-11:3,determinism,3,1,q0,2059-12-11,Thursday,jev-1.13.0,Saturday,0.14,0.14,0.0,0,1,4,0.0,0 (exact tie),0.02,0.08,1.0,0,0.14,0.13,0.14,0.12,0.14,0.14,0.11,0.08
repeat:2059-12-11:4,determinism,4,1,q0,2059-12-11,Thursday,jev-1.13.0,Friday,0.14,0.15000000000000002,0.01,1,0,1,0.01,<=0.01,0.02,0.08,1.0,0,0.13,0.15000000000000002,0.13,0.12,0.14,0.14,0.11,0.08
repeat:2060-01-23:0,determinism,0,1,q0,2060-01-23,Friday,jev-1.13.0,Saturday,0.14,0.14,0.0,0,1,2,0.0,0 (exact tie),0.02,0.08,1.0,0,0.13,0.14,0.13,0.13,0.13,0.14,0.12,0.08
repeat:2060-01-23:1,determinism,1,1,q0,2060-01-23,Friday,jev-1.13.0,Saturday,0.14,0.14,0.0,0,1,3,0.0,0 (exact tie),0.02,0.08,1.0,0,0.13,0.14,0.14,0.12,0.13,0.14,0.12,0.08
repeat:2060-01-23:2,determinism,2,1,q0,2060-01-23,Friday,jev-1.13.0,Saturday,0.14,0.14,0.0,0,1,3,0.0,0 (exact tie),0.02,0.08,1.0,0,0.13,0.14,0.14,0.12,0.13,0.14,0.12,0.08
repeat:2060-01-23:3,determinism,3,1,q0,2060-01-23,Friday,jev-1.13.0,Tuesday,0.14,0.14,0.0,0,1,2,0.0,0 (exact tie),0.02,0.09,1.0,0,0.13,0.14,0.13,0.12,0.13,0.14,0.12,0.09
repeat:2060-01-23:4,determinism,4,1,q0,2060-01-23,Friday,jev-1.13.0,Tuesday,0.15000000000000002,0.15000000000000002,0.0,0,0,1,0.01,<=0.01,0.02,0.08,1.0,0,0.13,0.15000000000000002,0.13,0.12,0.13,0.14,0.12,0.08
repeat:2060-10-10:0,determinism,0,1,q0,2060-10-10,Sunday,jev-1.13.0,Tuesday,0.14,0.14,0.0,0,1,4,0.0,0 (exact tie),0.02,0.08,1.0,0,0.12,0.14,0.14,0.12,0.14,0.14,0.12,0.08
repeat:2060-10-10:1,determinism,1,1,q0,2060-10-10,Sunday,jev-1.13.0,Tuesday,0.15000000000000002,0.15000000000000002,0.0,0,0,1,0.01,<=0.01,0.02,0.08,1.0,0,0.12,0.15000000000000002,0.13,0.12,0.14,0.14,0.12,0.08
repeat:2060-10-10:2,determinism,2,1,q0,2060-10-10,Sunday,jev-1.13.0,Tuesday,0.13,0.13,0.0,0,1,6,0.0,0 (exact tie),0.01,0.1,1.0,0,0.13,0.13,0.13,0.12,0.13,0.13,0.13,0.1
repeat:2060-10-10:3,determinism,3,1,q0,2060-10-10,Sunday,jev-1.13.0,Saturday,0.14,0.14,0.0,0,1,2,0.0,0 (exact tie),0.02,0.08,1.0,0,0.13,0.13,0.13,0.12,0.14,0.14,0.13,0.08
repeat:2060-10-10:4,determinism,4,1,q0,2060-10-10,Sunday,jev-1.13.0,Tuesday,0.14,0.14,0.0,0,0,1,0.01,<=0.01,0.01,0.09,1.0,0,0.13,0.14,0.13,0.12,0.13,0.13,0.13,0.09
repeat:2062-01-03:0,determinism,0,1,q0,2062-01-03,Tuesday,jev-1.13.0,Monday,0.15,0.15,0.0,0,0,1,0.01,<=0.01,0.03,0.07,1.0,0,0.15,0.14,0.13,0.12,0.12,0.14,0.13,0.07
repeat:2062-01-03:1,determinism,1,1,q0,2062-01-03,Tuesday,jev-1.13.0,Monday,0.15,0.15,0.0,0,1,2,0.0,0 (exact tie),0.03,0.07,1.0,0,0.15,0.15,0.13,0.11,0.12,0.14,0.13,0.07
repeat:2062-01-03:2,determinism,2,1,q0,2062-01-03,Tuesday,jev-1.13.0,Monday,0.15,0.15,0.0,0,0,1,0.01,<=0.01,0.03,0.08,1.0,0,0.15,0.14,0.13,0.11,0.12,0.14,0.13,0.08
repeat:2062-01-03:3,determinism,3,1,q0,2062-01-03,Tuesday,jev-1.13.0,Monday,0.15,0.15,0.0,0,0,1,0.01,<=0.01,0.03,0.07,1.0,0,0.15,0.14,0.14,0.12,0.12,0.13,0.13,0.07
repeat:2062-01-03:4,determinism,4,1,q0,2062-01-03,Tuesday,jev-1.13.0,Monday,0.15,0.15,0.0,0,0,1,0.01,<=0.01,0.03,0.08,1.0,0,0.15,0.14,0.13,0.11,0.12,0.14,0.13,0.08
repeat:2062-05-04:0,determinism,0,1,q0,2062-05-04,Thursday,jev-1.13.0,Tuesday,0.13,0.14,0.01,1,0,1,0.01,<=0.01,0.01,0.09,1.0,0,0.13,0.13,0.13,0.13,0.13,0.14,0.12,0.09
repeat:2062-05-04:1,determinism,1,1,q0,2062-05-04,Thursday,jev-1.13.0,Tuesday,0.14,0.14,0.0,0,0,1,0.01,<=0.01,0.01,0.1,1.0,0,0.13,0.14,0.13,0.12,0.13,0.13,0.12,0.1
repeat:2062-05-04:2,determinism,2,1,q0,2062-05-04,Thursday,jev-1.13.0,Saturday,0.14,0.14,0.0,0,1,2,0.0,0 (exact tie),0.02,0.08,1.0,0,0.13,0.13,0.13,0.13,0.14,0.14,0.12,0.08
repeat:2062-05-04:3,determinism,3,1,q0,2062-05-04,Thursday,jev-1.13.0,Tuesday,0.14,0.14,0.0,0,1,2,0.0,0 (exact tie),0.02,0.08,1.0,0,0.14,0.14,0.13,0.13,0.13,0.13,0.12,0.08
repeat:2062-05-04:4,determinism,4,1,q0,2062-05-04,Thursday,jev-1.13.0,Saturday,0.15,0.15,0.0,0,0,1,0.01,<=0.01,0.03,0.07,1.0,0,0.13,0.14,0.13,0.13,0.14,0.15,0.11,0.07
repeat:2063-04-21:0,determinism,0,1,q0,2063-04-21,Saturday,jev-1.13.0,Saturday,0.14,0.15000000000000002,0.01,1,0,1,0.01,<=0.01,0.02,0.09,1.0,1,0.12,0.15000000000000002,0.13,0.12,0.13,0.14,0.12,0.09
repeat:2063-04-21:1,determinism,1,1,q0,2063-04-21,Saturday,jev-1.13.0,Saturday,0.14,0.14,0.0,0,1,2,0.0,0 (exact tie),0.02,0.1,1.0,1,0.12,0.13,0.13,0.12,0.14,0.14,0.12,0.1
repeat:2063-04-21:2,determinism,2,1,q0,2063-04-21,Saturday,jev-1.13.0,Saturday,0.14,0.14,0.0,0,0,1,0.01,<=0.01,0.02,0.09,1.0,1,0.12,0.13,0.13,0.13,0.13,0.14,0.13,0.09
repeat:2063-04-21:3,determinism,3,1,q0,2063-04-21,Saturday,jev-1.13.0,Saturday,0.15000000000000002,0.15000000000000002,0.0,0,0,1,0.02,>0.01,0.02,0.1,1.0,1,0.12,0.13,0.12,0.12,0.13,0.15000000000000002,0.13,0.1
repeat:2063-04-21:4,determinism,4,1,q0,2063-04-21,Saturday,jev-1.13.0,Saturday,0.14,0.14,0.0,0,1,3,0.0,0 (exact tie),0.02,0.08,1.0,1,0.13,0.14,0.13,0.12,0.14,0.14,0.12,0.08
repeat:2064-03-18:0,determinism,0,1,q0,2064-03-18,Tuesday,jev-1.13.0,Tuesday,0.15000000000000002,0.15000000000000002,0.0,0,0,1,0.02,>0.01,0.02,0.09,1.0,1,0.12,0.15000000000000002,0.13,0.13,0.13,0.13,0.12,0.09
repeat:2064-03-18:1,determinism,1,1,q0,2064-03-18,Tuesday,jev-1.13.0,Tuesday,0.15,0.15,0.0,0,0,1,0.01,<=0.01,0.02,0.07,1.0,1,0.13,0.15,0.14,0.12,0.13,0.14,0.12,0.07
repeat:2064-03-18:2,determinism,2,1,q0,2064-03-18,Tuesday,jev-1.13.0,Wednesday,0.13,0.14,0.01,1,1,2,0.0,0 (exact tie),0.02,0.08,1.0,0,0.13,0.14,0.13,0.12,0.13,0.14,0.13,0.08
repeat:2064-03-18:3,determinism,3,1,q0,2064-03-18,Tuesday,jev-1.13.0,Wednesday,0.15000000000000002,0.15000000000000002,0.0,0,0,1,0.01,<=0.01,0.02,0.09,1.0,0,0.13,0.14,0.15000000000000002,0.12,0.12,0.13,0.12,0.09
repeat:2064-03-18:4,determinism,4,1,q0,2064-03-18,Tuesday,jev-1.13.0,Tuesday,0.14,0.14,0.0,0,0,1,0.01,<=0.01,0.02,0.09,1.0,1,0.13,0.14,0.13,0.12,0.13,0.13,0.13,0.09
repeat:2066-11-30:0,determinism,0,1,q0,2066-11-30,Tuesday,jev-1.13.0,Friday,0.14,0.14,0.0,0,1,2,0.0,0 (exact tie),0.02,0.09,1.0,0,0.13,0.14,0.13,0.12,0.14,0.13,0.12,0.09
repeat:2066-11-30:1,determinism,1,1,q0,2066-11-30,Tuesday,jev-1.13.0,Saturday,0.15000000000000002,0.15000000000000002,0.0,0,0,1,0.02,>0.01,0.02,0.09,1.0,0,0.13,0.13,0.13,0.12,0.13,0.15000000000000002,0.12,0.09
repeat:2066-11-30:2,determinism,2,1,q0,2066-11-30,Tuesday,jev-1.13.0,Saturday,0.13,0.14,0.01,1,1,2,0.0,0 (exact tie),0.01,0.09,1.0,0,0.13,0.14,0.14,0.12,0.13,0.13,0.12,0.09
repeat:2066-11-30:3,determinism,3,1,q0,2066-11-30,Tuesday,jev-1.13.0,Wednesday,0.15000000000000002,0.15000000000000002,0.0,0,0,1,0.02,>0.01,0.01,0.08,1.0,0,0.13,0.13,0.15000000000000002,0.13,0.13,0.13,0.12,0.08
repeat:2066-11-30:4,determinism,4,1,q0,2066-11-30,Tuesday,jev-1.13.0,Monday,0.14,0.14,0.0,0,1,2,0.0,0 (exact tie),0.02,0.09,1.0,0,0.14,0.12,0.13,0.12,0.13,0.14,0.13,0.09
repeat:2068-12-12:0,determinism,0,1,q0,2068-12-12,Wednesday,jev-1.13.0,Tuesday,0.14,0.14,0.0,0,1,3,0.0,0 (exact tie),0.02,0.08,1.0,0,0.13,0.14,0.13,0.12,0.14,0.14,0.12,0.08
repeat:2068-12-12:1,determinism,1,1,q0,2068-12-12,Wednesday,jev-1.13.0,Saturday,0.14,0.14,0.0,0,1,3,0.0,0 (exact tie),0.02,0.08,1.0,0,0.13,0.14,0.13,0.12,0.14,0.14,0.12,0.08
repeat:2068-12-12:2,determinism,2,1,q0,2068-12-12,Wednesday,jev-1.13.0,Saturday,0.15000000000000002,0.15000000000000002,0.0,0,0,1,0.01,<=0.01,0.02,0.08,1.0,0,0.13,0.13,0.13,0.12,0.14,0.15000000000000002,0.12,0.08
repeat:2068-12-12:3,determinism,3,1,q0,2068-12-12,Wednesday,jev-1.13.0,Saturday,0.15000000000000002,0.15000000000000002,0.0,0,0,1,0.02,>0.01,0.02,0.09,1.0,0,0.13,0.13,0.13,0.12,0.13,0.15000000000000002,0.12,0.09
repeat:2068-12-12:4,determinism,4,1,q0,2068-12-12,Wednesday,jev-1.13.0,Saturday,0.13999999999999999,0.14,0.0,0,1,3,0.0,0 (exact tie),0.02,0.08,1.0,0,0.13,0.14,0.13,0.12,0.14,0.13999999999999999,0.12,0.08
repeat:2072-11-22:0,determinism,0,1,q0,2072-11-22,Tuesday,jev-1.13.0,Saturday,0.15000000000000002,0.15000000000000002,0.0,0,0,1,0.02,>0.01,0.02,0.08,1.0,0,0.13,0.13,0.13,0.13,0.13,0.15000000000000002,0.12,0.08
repeat:2072-11-22:1,determinism,1,1,q0,2072-11-22,Tuesday,jev-1.13.0,Saturday,0.15,0.15,0.0,0,0,1,0.01,<=0.01,0.03,0.08,1.0,0,0.12,0.13,0.13,0.13,0.14,0.15,0.12,0.08
repeat:2072-11-22:2,determinism,2,1,q0,2072-11-22,Tuesday,jev-1.13.0,Saturday,0.13999999999999999,0.14,0.0,0,1,2,0.0,0 (exact tie),0.02,0.08,1.0,0,0.12,0.13,0.13,0.13,0.14,0.13999999999999999,0.13,0.08
repeat:2072-11-22:3,determinism,3,1,q0,2072-11-22,Tuesday,jev-1.13.0,Saturday,0.14,0.14,0.0,0,1,2,0.0,0 (exact tie),0.02,0.08,1.0,0,0.13,0.13,0.14,0.13,0.13,0.14,0.12,0.08
repeat:2072-11-22:4,determinism,4,1,q0,2072-11-22,Tuesday,jev-1.13.0,Saturday,0.16,0.16,0.0,0,0,1,0.02,>0.01,0.02,0.07,1.0,0,0.13,0.13,0.13,0.12,0.14,0.16,0.12,0.07
repeat:2074-11-09:0,determinism,0,1,q0,2074-11-09,Friday,jev-1.13.0,Tuesday,0.14,0.14,0.0,0,1,2,0.0,0 (exact tie),0.02,0.09,1.0,0,0.13,0.14,0.13,0.12,0.14,0.13,0.12,0.09
repeat:2074-11-09:1,determinism,1,1,q0,2074-11-09,Friday,jev-1.13.0,Saturday,0.15000000000000002,0.15000000000000002,0.0,0,0,1,0.02,>0.01,0.01,0.09,1.0,0,0.13,0.13,0.13,0.12,0.13,0.15000000000000002,0.12,0.09
repeat:2074-11-09:2,determinism,2,1,q0,2074-11-09,Friday,jev-1.13.0,Friday,0.14,0.14,0.0,0,1,3,0.0,0 (exact tie),0.02,0.08,1.0,1,0.13,0.14,0.13,0.12,0.14,0.14,0.12,0.08
repeat:2074-11-09:3,determinism,3,1,q0,2074-11-09,Friday,jev-1.13.0,Friday,0.14,0.14,0.0,0,1,2,0.0,0 (exact tie),0.02,0.09,1.0,1,0.13,0.14,0.13,0.12,0.14,0.13,0.12,0.09
repeat:2074-11-09:4,determinism,4,1,q0,2074-11-09,Friday,jev-1.13.0,Friday,0.13,0.13,0.0,0,1,5,0.0,0 (exact tie),0.01,0.11,1.0,1,0.13,0.13,0.13,0.12,0.13,0.13,0.12,0.11
repeat:2077-02-04:0,determinism,0,1,q0,2077-02-04,Thursday,jev-1.13.0,Tuesday,0.15000000000000002,0.15000000000000002,0.0,0,0,1,0.01,<=0.01,0.02,0.08,1.0,0,0.13,0.15000000000000002,0.13,0.12,0.13,0.14,0.12,0.08
repeat:2077-02-04:1,determinism,1,1,q0,2077-02-04,Thursday,jev-1.13.0,Tuesday,0.14,0.14,0.0,0,0,1,0.01,<=0.01,0.02,0.09,1.0,0,0.13,0.14,0.13,0.12,0.13,0.13,0.13,0.09
repeat:2077-02-04:2,determinism,2,1,q0,2077-02-04,Thursday,jev-1.13.0,Tuesday,0.14,0.14,0.0,0,1,2,0.0,0 (exact tie),0.02,0.1,1.0,0,0.13,0.14,0.13,0.11,0.14,0.13,0.12,0.1
repeat:2077-02-04:3,determinism,3,1,q0,2077-02-04,Thursday,jev-1.13.0,Tuesday,0.14,0.14,0.0,0,1,2,0.0,0 (exact tie),0.02,0.08,1.0,0,0.14,0.14,0.13,0.12,0.13,0.13,0.13,0.08
repeat:2077-02-04:4,determinism,4,1,q0,2077-02-04,Thursday,jev-1.13.0,Tuesday,0.14,0.14,0.0,0,0,1,0.01,<=0.01,0.02,0.1,1.0,0,0.13,0.14,0.13,0.12,0.13,0.13,0.12,0.1
repeat:2078-01-30:0,determinism,0,1,q0,2078-01-30,Sunday,jev-1.13.0,Tuesday,0.14,0.14,0.0,0,1,3,0.0,0 (exact tie),0.02,0.07,1.0,0,0.14,0.14,0.14,0.12,0.13,0.13,0.13,0.07
repeat:2078-01-30:1,determinism,1,1,q0,2078-01-30,Sunday,jev-1.13.0,Monday,0.14,0.14,0.0,0,1,3,0.0,0 (exact tie),0.02,0.08,1.0,0,0.14,0.14,0.13,0.12,0.13,0.14,0.12,0.08
repeat:2078-01-30:2,determinism,2,1,q0,2078-01-30,Sunday,jev-1.13.0,Tuesday,0.14,0.15000000000000002,0.01,1,0,1,0.01,<=0.01,0.02,0.07,1.0,0,0.14,0.14,0.15000000000000002,0.12,0.13,0.13,0.12,0.07
repeat:2078-01-30:3,determinism,3,1,q0,2078-01-30,Sunday,jev-1.13.0,Tuesday,0.15000000000000002,0.15000000000000002,0.0,0,0,1,0.01,<=0.01,0.02,0.07,1.0,0,0.13,0.15000000000000002,0.13,0.12,0.14,0.13,0.13,0.07
repeat:2078-01-30:4,determinism,4,1,q0,2078-01-30,Sunday,jev-1.13.0,Tuesday,0.15000000000000002,0.15000000000000002,0.0,0,0,1,0.01,<=0.01,0.01,0.08,1.0,0,0.13,0.15000000000000002,0.13,0.12,0.14,0.13,0.12,0.08
repeat:2079-06-29:0,determinism,0,1,q0,2079-06-29,Thursday,jev-1.13.0,Saturday,0.14,0.14,0.0,0,1,2,0.0,0 (exact tie),0.02,0.09,1.0,0,0.13,0.13,0.13,0.12,0.14,0.14,0.12,0.09
repeat:2079-06-29:1,determinism,1,1,q0,2079-06-29,Thursday,jev-1.13.0,Friday,0.15000000000000002,0.15000000000000002,0.0,0,0,1,0.02,>0.01,0.02,0.09,1.0,0,0.13,0.13,0.13,0.12,0.15000000000000002,0.13,0.12,0.09
repeat:2079-06-29:2,determinism,2,1,q0,2079-06-29,Thursday,jev-1.13.0,Friday,0.14,0.14,0.0,0,1,2,0.0,0 (exact tie),0.01,0.08,1.0,0,0.13,0.13,0.13,0.12,0.14,0.14,0.13,0.08
repeat:2079-06-29:3,determinism,3,1,q0,2079-06-29,Thursday,jev-1.13.0,Saturday,0.13,0.14,0.01,1,0,1,0.01,<=0.01,0.01,0.09,1.0,0,0.13,0.13,0.13,0.12,0.14,0.13,0.13,0.09
repeat:2079-06-29:4,determinism,4,1,q0,2079-06-29,Thursday,jev-1.13.0,Friday,0.14,0.14,0.0,0,0,1,0.01,<=0.01,0.01,0.12,1.0,0,0.12,0.13,0.13,0.11,0.14,0.13,0.12,0.12
repeat:2085-10-01:0,determinism,0,1,q0,2085-10-01,Monday,jev-1.13.0,Tuesday,0.13,0.13,0.0,0,1,5,0.0,0 (exact tie),0.01,0.12,1.0,0,0.13,0.13,0.13,0.11,0.13,0.13,0.12,0.12
repeat:2085-10-01:1,determinism,1,1,q0,2085-10-01,Monday,jev-1.13.0,Friday,0.13,0.13,0.0,0,1,4,0.0,0 (exact tie),0.01,0.12,1.0,0,0.13,0.13,0.12,0.12,0.13,0.12,0.13,0.12
repeat:2085-10-01:2,determinism,2,1,q0,2085-10-01,Monday,jev-1.13.0,Friday,0.13,0.13,0.0,0,1,5,0.0,0 (exact tie),0.01,0.12000000000000001,1.0,0,0.13,0.13,0.12000000000000001,0.11,0.13,0.13,0.13,0.12000000000000001
repeat:2085-10-01:3,determinism,3,1,q0,2085-10-01,Monday,jev-1.13.0,Friday,0.13,0.13,0.0,0,1,4,0.0,0 (exact tie),0.01,0.13,1.0,0,0.12,0.13,0.12,0.12,0.13,0.13,0.12,0.13
repeat:2085-10-01:4,determinism,4,1,q0,2085-10-01,Monday,jev-1.13.0,Friday,0.13,0.14,0.01,1,0,1,0.01,<=0.01,0.01,0.14,1.0,0,0.13,0.13,0.12,0.11,0.13,0.12,0.12,0.14
repeat:2087-06-25:0,determinism,0,1,q0,2087-06-25,Wednesday,jev-1.13.0,Tuesday,0.14,0.14,0.0,0,1,3,0.0,0 (exact tie),0.02,0.09,1.0,0,0.13,0.14,0.13,0.12,0.14,0.14,0.11,0.09
repeat:2087-06-25:1,determinism,1,1,q0,2087-06-25,Wednesday,jev-1.13.0,Friday,0.15000000000000002,0.15000000000000002,0.0,0,0,1,0.02,>0.01,0.01,0.12,1.0,0,0.12,0.13,0.13,0.11,0.15000000000000002,0.13,0.11,0.12
repeat:2087-06-25:2,determinism,2,1,q0,2087-06-25,Wednesday,jev-1.13.0,Saturday,0.14,0.14,0.0,0,1,3,0.0,0 (exact tie),0.02,0.08,1.0,0,0.13,0.14,0.13,0.12,0.14,0.14,0.12,0.08
repeat:2087-06-25:3,determinism,3,1,q0,2087-06-25,Wednesday,jev-1.13.0,Friday,0.14,0.14,0.0,0,1,3,0.0,0 (exact tie),0.02,0.09,1.0,0,0.12,0.14,0.13,0.12,0.14,0.14,0.12,0.09
repeat:2087-06-25:4,determinism,4,1,q0,2087-06-25,Wednesday,jev-1.13.0,Tuesday,0.14,0.14,0.0,0,1,2,0.0,0 (exact tie),0.02,0.09,1.0,0,0.13,0.14,0.13,0.12,0.14,0.13,0.12,0.09
repeat:2087-08-06:0,determinism,0,1,q0,2087-08-06,Wednesday,jev-1.13.0,Friday,0.14,0.14,0.0,0,0,1,0.01,<=0.01,0.01,0.1,1.0,0,0.13,0.13,0.13,0.12,0.14,0.13,0.12,0.1
repeat:2087-08-06:1,determinism,1,1,q0,2087-08-06,Wednesday,jev-1.13.0,Saturday,0.14,0.14,0.0,0,1,2,0.0,0 (exact tie),0.02,0.09,1.0,0,0.13,0.13,0.13,0.12,0.14,0.14,0.12,0.09
repeat:2087-08-06:2,determinism,2,1,q0,2087-08-06,Wednesday,jev-1.13.0,Tuesday,0.14,0.14,0.0,0,1,3,0.0,0 (exact tie),0.02,0.09,1.0,0,0.12,0.14,0.13,0.12,0.14,0.14,0.12,0.09
repeat:2087-08-06:3,determinism,3,1,q0,2087-08-06,Wednesday,jev-1.13.0,Saturday,0.15000000000000002,0.15000000000000002,0.0,0,0,1,0.01,<=0.01,0.02,0.09,1.0,0,0.12,0.13,0.13,0.12,0.14,0.15000000000000002,0.12,0.09
repeat:2087-08-06:4,determinism,4,1,q0,2087-08-06,Wednesday,jev-1.13.0,Saturday,0.14,0.14,0.0,0,1,3,0.0,0 (exact tie),0.02,0.08,1.0,0,0.13,0.14,0.13,0.12,0.14,0.14,0.12,0.08
repeat:2087-08-07:0,determinism,0,1,q0,2087-08-07,Thursday,jev-1.13.0,Saturday,0.14,0.14,0.0,0,1,2,0.0,0 (exact tie),0.02,0.09,1.0,0,0.12,0.13,0.13,0.12,0.14,0.14,0.13,0.09
repeat:2087-08-07:1,determinism,1,1,q0,2087-08-07,Thursday,jev-1.13.0,Saturday,0.15,0.15,0.0,0,0,1,0.01,<=0.01,0.03,0.08,1.0,0,0.13,0.13,0.13,0.11,0.14,0.15,0.13,0.08
repeat:2087-08-07:2,determinism,2,1,q0,2087-08-07,Thursday,jev-1.13.0,Saturday,0.15000000000000002,0.15000000000000002,0.0,0,0,1,0.01,<=0.01,0.02,0.09,1.0,0,0.13,0.13,0.12,0.11,0.14,0.15000000000000002,0.13,0.09
repeat:2087-08-07:3,determinism,3,1,q0,2087-08-07,Thursday,jev-1.13.0,Saturday,0.15,0.15,0.0,0,0,1,0.01,<=0.01,0.03,0.09,1.0,0,0.13,0.13,0.12,0.11,0.14,0.15,0.13,0.09
repeat:2087-08-07:4,determinism,4,1,q0,2087-08-07,Thursday,jev-1.13.0,Saturday,0.13,0.14,0.01,1,0,1,0.01,<=0.01,0.02,0.09,1.0,0,0.13,0.13,0.13,0.12,0.14,0.13,0.13,0.09
repeat:2089-02-19:0,determinism,0,1,q0,2089-02-19,Saturday,jev-1.13.0,Saturday,0.15000000000000002,0.15000000000000002,0.0,0,0,1,0.02,>0.01,0.01,0.09,1.0,1,0.13,0.13,0.13,0.12,0.13,0.15000000000000002,0.12,0.09
repeat:2089-02-19:1,determinism,1,1,q0,2089-02-19,Saturday,jev-1.13.0,Saturday,0.14,0.14,0.0,0,1,2,0.0,0 (exact tie),0.02,0.09,1.0,1,0.12,0.14,0.13,0.12,0.13,0.14,0.13,0.09
repeat:2089-02-19:2,determinism,2,1,q0,2089-02-19,Saturday,jev-1.13.0,Tuesday,0.13,0.14,0.01,1,1,2,0.0,0 (exact tie),0.01,0.09,1.0,0,0.13,0.13,0.13,0.12,0.14,0.14,0.12,0.09
repeat:2089-02-19:3,determinism,3,1,q0,2089-02-19,Saturday,jev-1.13.0,Saturday,0.15000000000000002,0.15000000000000002,0.0,0,0,1,0.02,>0.01,0.02,0.08,1.0,1,0.13,0.13,0.13,0.12,0.13,0.15000000000000002,0.13,0.08
repeat:2089-02-19:4,determinism,4,1,q0,2089-02-19,Saturday,jev-1.13.0,Saturday,0.14,0.15000000000000002,0.01,1,0,1,0.01,<=0.01,0.02,0.08,1.0,1,0.12,0.15000000000000002,0.13,0.12,0.13,0.14,0.13,0.08
repeat:2091-05-15:0,determinism,0,1,q0,2091-05-15,Tuesday,jev-1.13.0,Friday,0.14,0.14,0.0,0,1,2,0.0,0 (exact tie),0.02,0.09,1.0,0,0.13,0.14,0.13,0.12,0.14,0.13,0.12,0.09
repeat:2091-05-15:1,determinism,1,1,q0,2091-05-15,Tuesday,jev-1.13.0,Friday,0.14,0.14,0.0,0,0,1,0.01,<=0.01,0.02,0.11,1.0,0,0.12,0.13,0.13,0.12,0.14,0.13,0.12,0.11
repeat:2091-05-15:2,determinism,2,1,q0,2091-05-15,Tuesday,jev-1.13.0,Friday,0.14,0.14,0.0,0,1,3,0.0,0 (exact tie),0.01,0.08,1.0,0,0.13,0.14,0.13,0.12,0.14,0.14,0.12,0.08
repeat:2091-05-15:3,determinism,3,1,q0,2091-05-15,Tuesday,jev-1.13.0,Friday,0.14,0.14,0.0,0,1,3,0.0,0 (exact tie),0.02,0.09,1.0,0,0.12,0.14,0.13,0.12,0.14,0.14,0.12,0.09
repeat:2091-05-15:4,determinism,4,1,q0,2091-05-15,Tuesday,jev-1.13.0,Tuesday,0.14,0.14,0.0,0,1,2,0.0,0 (exact tie),0.02,0.08,1.0,1,0.13,0.14,0.14,0.13,0.13,0.13,0.12,0.08
repeat:2091-10-04:0,determinism,0,1,q0,2091-10-04,Thursday,jev-1.13.0,Friday,0.13,0.14,0.01,1,0,1,0.01,<=0.01,0.01,0.1,1.0,0,0.12,0.13,0.14,0.12,0.13,0.13,0.13,0.1
repeat:2091-10-04:1,determinism,1,1,q0,2091-10-04,Thursday,jev-1.13.0,Friday,0.14,0.14,0.0,0,0,1,0.01,<=0.01,0.01,0.08,1.0,0,0.13,0.13,0.13,0.13,0.14,0.13,0.13,0.08
repeat:2091-10-04:2,determinism,2,1,q0,2091-10-04,Thursday,jev-1.13.0,Saturday,0.13,0.14,0.01,1,0,1,0.01,<=0.01,0.01,0.12,1.0,0,0.12,0.14,0.12,0.12,0.13,0.13,0.12,0.12
repeat:2091-10-04:3,determinism,3,1,q0,2091-10-04,Thursday,jev-1.13.0,Saturday,0.14,0.14,0.0,0,0,1,0.01,<=0.01,0.02,0.09,1.0,0,0.13,0.13,0.13,0.13,0.13,0.14,0.12,0.09
repeat:2091-10-04:4,determinism,4,1,q0,2091-10-04,Thursday,jev-1.13.0,Tuesday,0.13,0.14,0.01,1,0,1,0.01,<=0.01,0.01,0.09,1.0,0,0.13,0.13,0.13,0.12,0.13,0.14,0.13,0.09
repeat:2093-07-24:0,determinism,0,1,q0,2093-07-24,Friday,jev-1.13.0,Friday,0.14,0.14,0.0,0,1,2,0.0,0 (exact tie),0.02,0.09,1.0,1,0.13,0.13,0.13,0.12,0.14,0.14,0.12,0.09
repeat:2093-07-24:1,determinism,1,1,q0,2093-07-24,Friday,jev-1.13.0,Saturday,0.14,0.14,0.0,0,1,2,0.0,0 (exact tie),0.01,0.09,1.0,0,0.13,0.14,0.13,0.12,0.13,0.14,0.12,0.09
repeat:2093-07-24:2,determinism,2,1,q0,2093-07-24,Friday,jev-1.13.0,Friday,0.14,0.14,0.0,0,1,3,0.0,0 (exact tie),0.02,0.08,1.0,1,0.13,0.14,0.13,0.12,0.14,0.14,0.12,0.08
repeat:2093-07-24:3,determinism,3,1,q0,2093-07-24,Friday,jev-1.13.0,Saturday,0.14,0.14,0.0,0,1,2,0.0,0 (exact tie),0.02,0.08,1.0,0,0.13,0.13,0.13,0.13,0.14,0.14,0.12,0.08
repeat:2093-07-24:4,determinism,4,1,q0,2093-07-24,Friday,jev-1.13.0,Friday,0.14,0.14,0.0,0,0,1,0.01,<=0.01,0.02,0.1,1.0,1,0.13,0.13,0.13,0.12,0.14,0.13,0.12,0.1
repeat:2093-09-19:0,determinism,0,1,q0,2093-09-19,Saturday,jev-1.13.0,Friday,0.14,0.14,0.0,0,1,2,0.0,0 (exact tie),0.02,0.1,1.0,0,0.12,0.14,0.13,0.12,0.14,0.13,0.12,0.1
repeat:2093-09-19:1,determinism,1,1,q0,2093-09-19,Saturday,jev-1.13.0,Friday,0.14,0.14,0.0,0,0,1,0.01,<=0.01,0.01,0.11,1.0,0,0.12,0.13,0.13,0.12,0.14,0.13,0.12,0.11
repeat:2093-09-19:2,determinism,2,1,q0,2093-09-19,Saturday,jev-1.13.0,Friday,0.14,0.14,0.0,0,0,1,0.01,<=0.01,0.01,0.11,1.0,0,0.12,0.13,0.13,0.12,0.14,0.13,0.12,0.11
repeat:2093-09-19:3,determinism,3,1,q0,2093-09-19,Saturday,jev-1.13.0,Tuesday,0.14,0.14,0.0,0,1,2,0.0,0 (exact tie),0.01,0.09,1.0,0,0.13,0.14,0.13,0.12,0.13,0.14,0.12,0.09
repeat:2093-09-19:4,determinism,4,1,q0,2093-09-19,Saturday,jev-1.13.0,Friday,0.15000000000000002,0.15000000000000002,0.0,0,0,1,0.02,>0.01,0.01,0.11,1.0,0,0.12,0.13,0.13,0.11,0.15000000000000002,0.13,0.12,0.11
repeat:2094-06-14:0,determinism,0,1,q0,2094-06-14,Monday,jev-1.13.0,Tuesday,0.16,0.16,0.0,0,0,1,0.03,>0.01,0.03,0.08,1.0,0,0.13,0.16,0.13,0.12,0.13,0.13,0.12,0.08
repeat:2094-06-14:1,determinism,1,1,q0,2094-06-14,Monday,jev-1.13.0,Tuesday,0.14,0.14,0.0,0,1,3,0.0,0 (exact tie),0.02,0.07,0.99,0,0.14,0.14,0.14,0.13,0.13,0.13,0.11,0.07
repeat:2094-06-14:2,determinism,2,1,q0,2094-06-14,Monday,jev-1.13.0,Tuesday,0.14,0.14,0.0,0,1,3,0.0,0 (exact tie),0.02,0.08,1.0,0,0.13,0.14,0.13,0.13,0.14,0.14,0.11,0.08
repeat:2094-06-14:3,determinism,3,1,q0,2094-06-14,Monday,jev-1.13.0,Tuesday,0.14,0.14,0.0,0,1,2,0.0,0 (exact tie),0.02,0.1,1.0,0,0.12,0.14,0.13,0.12,0.14,0.13,0.12,0.1
repeat:2094-06-14:4,determinism,4,1,q0,2094-06-14,Monday,jev-1.13.0,Tuesday,0.14,0.14,0.0,0,1,3,0.0,0 (exact tie),0.02,0.09,1.0,0,0.13,0.14,0.13,0.12,0.14,0.14,0.11,0.09
repeat:2095-05-14:0,determinism,0,1,q0,2095-05-14,Saturday,jev-1.13.0,Tuesday,0.15000000000000002,0.15000000000000002,0.0,0,0,1,0.01,<=0.01,0.02,0.08,1.0,0,0.12,0.15000000000000002,0.13,0.13,0.13,0.14,0.12,0.08
repeat:2095-05-14:1,determinism,1,1,q0,2095-05-14,Saturday,jev-1.13.0,Saturday,0.14,0.14,0.0,0,1,3,0.0,0 (exact tie),0.02,0.08,1.0,1,0.13,0.14,0.13,0.12,0.14,0.14,0.12,0.08
repeat:2095-05-14:2,determinism,2,1,q0,2095-05-14,Saturday,jev-1.13.0,Tuesday,0.14,0.14,0.0,0,1,2,0.0,0 (exact tie),0.02,0.1,1.0,0,0.12,0.14,0.13,0.12,0.14,0.13,0.12,0.1
repeat:2095-05-14:3,determinism,3,1,q0,2095-05-14,Saturday,jev-1.13.0,Tuesday,0.15000000000000002,0.15000000000000002,0.0,0,0,1,0.01,<=0.01,0.01,0.09,1.0,0,0.12,0.15000000000000002,0.14,0.12,0.13,0.13,0.12,0.09
repeat:2095-05-14:4,determinism,4,1,q0,2095-05-14,Saturday,jev-1.13.0,Tuesday,0.14,0.14,0.0,0,1,2,0.0,0 (exact tie),0.01,0.1,1.0,0,0.12,0.14,0.14,0.12,0.13,0.13,0.12,0.1
repeat:2098-03-21:0,determinism,0,1,q0,2098-03-21,Friday,jev-1.13.0,Wednesday,0.14,0.14,0.0,0,1,2,0.0,0 (exact tie),0.01,0.1,1.0,0,0.12,0.14,0.14,0.11,0.13,0.13,0.13,0.1
repeat:2098-03-21:1,determinism,1,1,q0,2098-03-21,Friday,jev-1.13.0,Tuesday,0.14,0.14,0.0,0,1,2,0.0,0 (exact tie),0.02,0.09,1.0,0,0.12,0.14,0.14,0.12,0.13,0.13,0.13,0.09
repeat:2098-03-21:2,determinism,2,1,q0,2098-03-21,Friday,jev-1.13.0,Tuesday,0.14,0.15000000000000002,0.01,1,0,1,0.01,<=0.01,0.02,0.08,1.0,0,0.12,0.14,0.15000000000000002,0.12,0.13,0.14,0.12,0.08
repeat:2098-03-21:3,determinism,3,1,q0,2098-03-21,Friday,jev-1.13.0,Tuesday,0.14,0.14,0.0,0,1,2,0.0,0 (exact tie),0.01,0.08,1.0,0,0.13,0.14,0.14,0.12,0.13,0.13,0.13,0.08
repeat:2098-03-21:4,determinism,4,1,q0,2098-03-21,Friday,jev-1.13.0,Tuesday,0.14,0.14,0.0,0,1,2,0.0,0 (exact tie),0.02,0.09,1.0,0,0.13,0.14,0.14,0.12,0.13,0.13,0.12,0.09
repeat:2098-11-09:0,determinism,0,1,q0,2098-11-09,Sunday,jev-1.13.0,Friday,0.14,0.15000000000000002,0.01,1,0,1,0.01,<=0.01,0.02,0.09,1.0,0,0.12,0.13,0.13,0.12,0.14,0.15000000000000002,0.12,0.09
repeat:2098-11-09:1,determinism,1,1,q0,2098-11-09,Sunday,jev-1.13.0,Friday,0.14,0.14,0.0,0,1,2,0.0,0 (exact tie),0.02,0.09,1.0,0,0.13,0.13,0.13,0.12,0.14,0.14,0.12,0.09
repeat:2098-11-09:2,determinism,2,1,q0,2098-11-09,Sunday,jev-1.13.0,Friday,0.13999999999999999,0.14,0.0,0,1,3,0.0,0 (exact tie),0.03,0.08,1.0,0,0.13,0.14,0.13,0.12,0.13999999999999999,0.14,0.12,0.08
repeat:2098-11-09:3,determinism,3,1,q0,2098-11-09,Sunday,jev-1.13.0,Friday,0.14,0.14,0.0,0,1,2,0.0,0 (exact tie),0.02,0.1,1.0,0,0.12,0.14,0.13,0.12,0.14,0.13,0.12,0.1
repeat:2098-11-09:4,determinism,4,1,q0,2098-11-09,Sunday,jev-1.13.0,Friday,0.13,0.13,0.0,0,1,5,0.0,0 (exact tie),0.01,0.11,1.0,0,0.13,0.13,0.13,0.12,0.13,0.13,0.12,0.11
main:2027-01-05,main,0,1,q0,2027-01-05,Tuesday,jev-1.13.0,Monday,0.15,0.16,0.01,1,0,1,0.01,<=0.01,0.03,0.06,1.0,0,0.15,0.16,0.13,0.12,0.12,0.14,0.12,0.06
main:2027-01-08,main,0,1,q0,2027-01-08,Friday,jev-1.13.0,Monday,0.15,0.15,0.0,0,1,2,0.0,0 (exact tie),0.04,0.05,1.0,0,0.15,0.15,0.14,0.12,0.12,0.14,0.13,0.05
main:2027-01-29,main,0,1,q0,2027-01-29,Friday,jev-1.13.0,Tuesday,0.16,0.16,0.0,0,0,1,0.02,>0.01,0.03,0.06,1.0,0,0.14,0.16,0.14,0.12,0.13,0.14,0.11,0.06
main:2027-03-21,main,0,1,q0,2027-03-21,Sunday,jev-1.13.0,Tuesday,0.13999999999999999,0.14,0.0,0,1,2,0.0,0 (exact tie),0.03,0.09,1.0,0,0.13,0.13999999999999999,0.14,0.12,0.13,0.13,0.12,0.09
main:2027-04-27,main,0,1,q0,2027-04-27,Tuesday,jev-1.13.0,Saturday,0.15000000000000002,0.15000000000000002,0.0,0,0,1,0.01,<=0.01,0.02,0.09,1.0,0,0.12,0.13,0.13,0.12,0.14,0.15000000000000002,0.12,0.09
main:2027-05-05,main,0,1,q0,2027-05-05,Wednesday,jev-1.13.0,Saturday,0.14,0.14,0.0,0,1,3,0.0,0 (exact tie),0.02,0.08,1.0,0,0.13,0.14,0.13,0.12,0.14,0.14,0.12,0.08
main:2027-05-17,main,0,1,q0,2027-05-17,Monday,jev-1.13.0,Tuesday,0.14,0.14,0.0,0,1,2,0.0,0 (exact tie),0.02,0.09,1.0,0,0.13,0.14,0.14,0.13,0.13,0.13,0.11,0.09
main:2027-06-02,main,0,1,q0,2027-06-02,Wednesday,jev-1.13.0,Tuesday,0.15,0.15,0.0,0,0,1,0.01,<=0.01,0.03,0.07,1.0,0,0.13,0.15,0.14,0.12,0.14,0.14,0.11,0.07
main:2027-06-08,main,0,1,q0,2027-06-08,Tuesday,jev-1.13.0,Tuesday,0.15,0.15,0.0,0,1,2,0.0,0 (exact tie),0.03,0.07,1.0,1,0.13,0.15,0.13,0.12,0.14,0.15,0.11,0.07
main:2027-08-18,main,0,1,q0,2027-08-18,Wednesday,jev-1.13.0,Friday,0.13,0.14,0.01,1,0,1,0.01,<=0.01,0.01,0.11,1.0,0,0.13,0.13,0.14,0.11,0.13,0.13,0.12,0.11
main:2027-10-07,main,0,1,q0,2027-10-07,Thursday,jev-1.13.0,Saturday,0.14,0.14,0.0,0,1,2,0.0,0 (exact tie),0.02,0.08,1.0,0,0.14,0.13,0.13,0.12,0.13,0.14,0.13,0.08
main:2027-10-15,main,0,1,q0,2027-10-15,Friday,jev-1.13.0,Tuesday,0.14,0.14,0.0,0,1,3,0.0,0 (exact tie),0.02,0.1,1.0,0,0.12,0.14,0.13,0.12,0.14,0.14,0.11,0.1
main:2027-10-16,main,0,1,q0,2027-10-16,Saturday,jev-1.13.0,Tuesday,0.13,0.14,0.01,1,0,1,0.01,<=0.01,0.01,0.11,1.0,0,0.13,0.13,0.13,0.12,0.13,0.14,0.11,0.11
main:2027-10-23,main,0,1,q0,2027-10-23,Saturday,jev-1.13.0,Friday,0.14,0.14,0.0,0,1,3,0.0,0 (exact tie),0.02,0.09,1.0,0,0.12,0.14,0.13,0.13,0.14,0.14,0.11,0.09
main:2027-11-22,main,0,1,q0,2027-11-22,Monday,jev-1.13.0,Saturday,0.14,0.14,0.0,0,1,2,0.0,0 (exact tie),0.02,0.09,1.0,0,0.13,0.13,0.13,0.13,0.14,0.14,0.11,0.09
main:2027-12-15,main,0,1,q0,2027-12-15,Wednesday,jev-1.13.0,Friday,0.14,0.14,0.0,0,0,1,0.01,<=0.01,0.02,0.12,1.0,0,0.13,0.13,0.12,0.12,0.14,0.13,0.11,0.12
main:2028-01-18,main,0,1,q0,2028-01-18,Tuesday,jev-1.13.0,Saturday,0.15,0.15,0.0,0,0,1,0.01,<=0.01,0.03,0.06,1.0,0,0.14,0.13999999999999999,0.14,0.13,0.13,0.15,0.11,0.06
main:2028-03-11,main,0,1,q0,2028-03-11,Saturday,jev-1.13.0,Tuesday,0.15,0.15,0.0,0,0,1,0.01,<=0.01,0.03,0.07,1.0,0,0.13,0.15,0.14,0.12,0.14,0.14,0.11,0.07
main:2028-03-18,main,0,1,q0,2028-03-18,Saturday,jev-1.13.0,Tuesday,0.16,0.16,0.0,0,0,1,0.02,>0.01,0.03,0.06,1.0,0,0.13,0.16,0.14,0.13,0.13,0.14,0.11,0.06
main:2028-03-28,main,0,1,q0,2028-03-28,Tuesday,jev-1.13.0,Saturday,0.15,0.15,0.0,0,1,2,0.0,0 (exact tie),0.03,0.06,1.0,0,0.12,0.15,0.14,0.13,0.13,0.15,0.12,0.06
main:2028-03-29,main,0,1,q0,2028-03-29,Wednesday,jev-1.13.0,Saturday,0.15,0.15,0.0,0,1,2,0.0,0 (exact tie),0.03,0.05,1.0,0,0.12,0.15,0.14,0.13,0.13,0.15,0.13,0.05
main:2028-04-04,main,0,1,q0,2028-04-04,Tuesday,jev-1.13.0,Tuesday,0.15,0.15,0.0,0,1,2,0.0,0 (exact tie),0.03,0.07,1.0,1,0.13,0.15,0.13,0.12,0.13,0.15,0.12,0.07
main:2028-04-14,main,0,1,q0,2028-04-14,Friday,jev-1.13.0,Tuesday,0.15,0.15,0.0,0,1,2,0.0,0 (exact tie),0.03,0.07,1.0,0,0.12,0.15,0.14,0.12,0.14,0.15,0.11,0.07
main:2028-05-30,main,0,1,q0,2028-05-30,Tuesday,jev-1.13.0,Saturday,0.15,0.15,0.0,0,0,1,0.01,<=0.01,0.03,0.06,1.0,0,0.13,0.14,0.14,0.13,0.14,0.15,0.11,0.06
main:2028-06-10,main,0,1,q0,2028-06-10,Saturday,jev-1.13.0,Tuesday,0.14,0.14,0.0,0,1,4,0.0,0 (exact tie),0.02,0.07,1.0,0,0.14,0.14,0.14,0.12,0.13,0.14,0.12,0.07
main:2028-06-27,main,0,1,q0,2028-06-27,Tuesday,jev-1.13.0,Saturday,0.15,0.15,0.0,0,0,1,0.01,<=0.01,0.03,0.07,1.0,0,0.13,0.13,0.14,0.12,0.14,0.15,0.12,0.07
main:2028-07-03,main,0,1,q0,2028-07-03,Monday,jev-1.13.0,Wednesday,0.16,0.16,0.0,0,0,1,0.02,>0.01,0.02,0.06,1.0,0,0.13,0.14,0.16,0.12,0.14,0.14,0.11,0.06
main:2028-07-12,main,0,1,q0,2028-07-12,Wednesday,jev-1.13.0,Tuesday,0.16,0.16,0.0,0,0,1,0.02,>0.01,0.02,0.07,1.0,0,0.13,0.16,0.13,0.12,0.14,0.14,0.11,0.07
main:2028-07-16,main,0,1,q0,2028-07-16,Sunday,jev-1.13.0,Monday,0.14,0.15000000000000002,0.01,1,0,1,0.01,<=0.01,0.02,0.07,0.99,0,0.14,0.15000000000000002,0.13,0.12,0.13,0.14,0.11,0.07
main:2028-07-23,main,0,1,q0,2028-07-23,Sunday,jev-1.13.0,Saturday,0.13999999999999999,0.14,0.0,0,1,4,0.0,0 (exact tie),0.03,0.07,1.0,0,0.13,0.14,0.14,0.12,0.14,0.13999999999999999,0.12,0.07
main:2028-10-04,main,0,1,q0,2028-10-04,Wednesday,jev-1.13.0,Saturday,0.14,0.15000000000000002,0.01,1,0,1,0.01,<=0.01,0.02,0.07,1.0,0,0.13,0.15000000000000002,0.13,0.12,0.14,0.14,0.12,0.07
main:2028-10-05,main,0,1,q0,2028-10-05,Thursday,jev-1.13.0,Saturday,0.14,0.14,0.0,0,1,3,0.0,0 (exact tie),0.02,0.08,1.0,0,0.13,0.14,0.13,0.13,0.14,0.14,0.11,0.08
main:2028-12-04,main,0,1,q0,2028-12-04,Monday,jev-1.13.0,Saturday,0.14,0.14,0.0,0,1,4,0.0,0 (exact tie),0.02,0.07,1.0,0,0.14,0.14,0.14,0.13,0.13,0.14,0.11,0.07
main:2028-12-15,main,0,1,q0,2028-12-15,Friday,jev-1.13.0,Friday,0.14,0.14,0.0,0,1,4,0.0,0 (exact tie),0.02,0.07,1.0,1,0.13,0.14,0.14,0.13,0.14,0.14,0.11,0.07
main:2029-01-06,main,0,1,q0,2029-01-06,Saturday,jev-1.13.0,Saturday,0.15,0.15,0.0,0,1,2,0.0,0 (exact tie),0.03,0.07,1.0,1,0.15,0.14,0.13,0.12,0.12,0.15,0.12,0.07
main:2029-01-27,main,0,1,q0,2029-01-27,Saturday,jev-1.13.0,Saturday,0.15,0.15,0.0,0,0,1,0.01,<=0.01,0.03,0.06,1.0,1,0.13,0.14,0.14,0.13,0.14,0.15,0.11,0.06
main:2029-02-08,main,0,1,q0,2029-02-08,Thursday,jev-1.13.0,Tuesday,0.14,0.14,0.0,0,1,4,0.0,0 (exact tie),0.02,0.07,1.0,0,0.14,0.14,0.14,0.12,0.13,0.14,0.12,0.07
main:2029-02-10,main,0,1,q0,2029-02-10,Saturday,jev-1.13.0,Monday,0.14,0.14,0.0,0,1,4,0.0,0 (exact tie),0.02,0.06,1.0,0,0.14,0.14,0.14,0.13,0.13,0.14,0.12,0.06
main:2029-03-29,main,0,1,q0,2029-03-29,Thursday,jev-1.13.0,Saturday,0.14,0.15000000000000002,0.01,1,0,1,0.01,<=0.01,0.02,0.07,1.0,0,0.12,0.15000000000000002,0.13,0.13,0.14,0.14,0.12,0.07
main:2029-04-21,main,0,1,q0,2029-04-21,Saturday,jev-1.13.0,Saturday,0.14,0.15000000000000002,0.01,1,0,1,0.01,<=0.01,0.02,0.09,1.0,1,0.12,0.15000000000000002,0.13,0.12,0.13,0.14,0.12,0.09
main:2029-05-20,main,0,1,q0,2029-05-20,Sunday,jev-1.13.0,Tuesday,0.13999999999999999,0.14,0.0,0,1,3,0.0,0 (exact tie),0.02,0.08,1.0,0,0.13,0.13999999999999999,0.13,0.13,0.14,0.14,0.11,0.08
main:2029-05-28,main,0,1,q0,2029-05-28,Monday,jev-1.13.0,Saturday,0.14,0.14,0.0,0,1,2,0.0,0 (exact tie),0.02,0.08,1.0,0,0.13,0.13,0.13,0.13,0.14,0.14,0.12,0.08
main:2029-07-10,main,0,1,q0,2029-07-10,Tuesday,jev-1.13.0,Tuesday,0.14,0.14,0.0,0,1,3,0.0,0 (exact tie),0.02,0.07,0.99,1,0.13,0.14,0.14,0.13,0.13,0.14,0.11,0.07
main:2029-08-14,main,0,1,q0,2029-08-14,Tuesday,jev-1.13.0,Saturday,0.14,0.14,0.0,0,1,3,0.0,0 (exact tie),0.02,0.09,1.0,0,0.13,0.14,0.13,0.12,0.14,0.14,0.11,0.09
main:2029-09-09,main,0,1,q0,2029-09-09,Sunday,jev-1.13.0,Tuesday,0.14,0.14,0.0,0,1,3,0.0,0 (exact tie),0.02,0.08,1.0,0,0.13,0.14,0.13,0.12,0.14,0.14,0.12,0.08
main:2029-11-03,main,0,1,q0,2029-11-03,Saturday,jev-1.13.0,Tuesday,0.14,0.14,0.0,0,1,3,0.0,0 (exact tie),0.02,0.08,1.0,0,0.13,0.14,0.14,0.12,0.13,0.14,0.12,0.08
main:2029-11-07,main,0,1,q0,2029-11-07,Wednesday,jev-1.13.0,Saturday,0.14,0.14,0.0,0,0,1,0.01,<=0.01,0.01,0.09,1.0,0,0.13,0.13,0.13,0.13,0.13,0.14,0.12,0.09
main:2029-12-24,main,0,1,q0,2029-12-24,Monday,jev-1.13.0,Saturday,0.14,0.14,0.0,0,1,2,0.0,0 (exact tie),0.02,0.08,1.0,0,0.13,0.13,0.13,0.13,0.14,0.14,0.12,0.08
main:2030-01-29,main,0,1,q0,2030-01-29,Tuesday,jev-1.13.0,Saturday,0.14,0.14,0.0,0,1,4,0.0,0 (exact tie),0.02,0.06,0.99,0,0.14,0.14,0.14,0.13,0.13,0.14,0.11,0.06
main:2030-02-07,main,0,1,q0,2030-02-07,Thursday,jev-1.13.0,Tuesday,0.15,0.15,0.0,0,0,1,0.01,<=0.01,0.02,0.07,1.0,0,0.14,0.15,0.14,0.12,0.13,0.13,0.12,0.07
main:2030-03-20,main,0,1,q0,2030-03-20,Wednesday,jev-1.13.0,Wednesday,0.14,0.14,0.0,0,1,3,0.0,0 (exact tie),0.02,0.09,1.0,1,0.12,0.14,0.14,0.12,0.13,0.14,0.12,0.09
main:2030-03-29,main,0,1,q0,2030-03-29,Friday,jev-1.13.0,Saturday,0.13999999999999999,0.14,0.0,0,1,4,0.0,0 (exact tie),0.03,0.07,1.0,0,0.12,0.14,0.14,0.13,0.14,0.13999999999999999,0.12,0.07
main:2030-04-04,main,0,1,q0,2030-04-04,Thursday,jev-1.13.0,Saturday,0.16,0.16,0.0,0,0,1,0.02,>0.01,0.02,0.07,1.0,0,0.13,0.14,0.13,0.12,0.13,0.16,0.12,0.07
main:2030-04-09,main,0,1,q0,2030-04-09,Tuesday,jev-1.13.0,Saturday,0.15,0.15,0.0,0,0,1,0.01,<=0.01,0.02,0.07,1.0,0,0.13,0.14,0.14,0.13,0.13,0.15,0.11,0.07
main:2030-05-05,main,0,1,q0,2030-05-05,Sunday,jev-1.13.0,Tuesday,0.14,0.14,0.0,0,1,3,0.0,0 (exact tie),0.02,0.08,1.0,0,0.13,0.14,0.13,0.12,0.14,0.14,0.12,0.08
main:2030-06-26,main,0,1,q0,2030-06-26,Wednesday,jev-1.13.0,Tuesday,0.14,0.14,0.0,0,1,4,0.0,0 (exact tie),0.02,0.08,1.0,0,0.14,0.14,0.13,0.12,0.14,0.14,0.11,0.08
main:2030-07-18,main,0,1,q0,2030-07-18,Thursday,jev-1.13.0,Tuesday,0.14,0.14,0.0,0,1,4,0.0,0 (exact tie),0.02,0.07,0.99,0,0.13,0.14,0.14,0.12,0.14,0.14,0.11,0.07
main:2030-07-31,main,0,1,q0,2030-07-31,Wednesday,jev-1.13.0,Tuesday,0.14,0.14,0.0,0,1,4,0.0,0 (exact tie),0.02,0.07,0.99,0,0.14,0.14,0.13,0.12,0.14,0.14,0.11,0.07
main:2030-09-24,main,0,1,q0,2030-09-24,Tuesday,jev-1.13.0,Wednesday,0.13,0.14,0.01,1,1,2,0.0,0 (exact tie),0.02,0.09,1.0,0,0.13,0.13,0.13,0.12,0.14,0.14,0.12,0.09
main:2030-10-16,main,0,1,q0,2030-10-16,Wednesday,jev-1.13.0,Saturday,0.14,0.14,0.0,0,1,3,0.0,0 (exact tie),0.02,0.08,1.0,0,0.13,0.14,0.13,0.13,0.14,0.14,0.11,0.08
main:2030-10-20,main,0,1,q0,2030-10-20,Sunday,jev-1.13.0,Saturday,0.14,0.14,0.0,0,1,3,0.0,0 (exact tie),0.02,0.09,1.0,0,0.13,0.14,0.13,0.12,0.14,0.14,0.11,0.09
main:2030-11-09,main,0,1,q0,2030-11-09,Saturday,jev-1.13.0,Saturday,0.14,0.14,0.0,0,1,2,0.0,0 (exact tie),0.02,0.09,1.0,1,0.13,0.13,0.13,0.12,0.14,0.14,0.12,0.09
main:2030-11-30,main,0,1,q0,2030-11-30,Saturday,jev-1.13.0,Saturday,0.13999999999999999,0.14,0.0,0,1,2,0.0,0 (exact tie),0.02,0.08,1.0,1,0.13,0.13,0.13,0.13,0.14,0.13999999999999999,0.12,0.08
main:2031-01-12,main,0,1,q0,2031-01-12,Sunday,jev-1.13.0,Wednesday,0.13,0.14,0.01,1,1,2,0.0,0 (exact tie),0.02,0.09,1.0,0,0.14,0.13,0.13,0.12,0.13,0.14,0.12,0.09
main:2031-01-15,main,0,1,q0,2031-01-15,Wednesday,jev-1.13.0,Tuesday,0.15,0.15,0.0,0,0,1,0.01,<=0.01,0.03,0.08,1.0,0,0.14,0.15,0.14,0.12,0.12,0.13,0.12,0.08
main:2031-02-13,main,0,1,q0,2031-02-13,Thursday,jev-1.13.0,Tuesday,0.14,0.14,0.0,0,1,2,0.0,0 (exact tie),0.02,0.09,1.0,0,0.13,0.14,0.13,0.13,0.14,0.13,0.11,0.09
main:2031-02-27,main,0,1,q0,2031-02-27,Thursday,jev-1.13.0,Tuesday,0.14,0.14,0.0,0,1,3,0.0,0 (exact tie),0.02,0.08,1.0,0,0.13,0.14,0.13,0.13,0.14,0.14,0.11,0.08
main:2031-03-02,main,0,1,q0,2031-03-02,Sunday,jev-1.13.0,Tuesday,0.13999999999999999,0.13999999999999999,0.0,0,0,1,0.01,<=0.01,0.03,0.1,1.0,0,0.13,0.13999999999999999,0.13,0.12,0.13,0.13,0.12,0.1
main:2031-05-06,main,0,1,q0,2031-05-06,Tuesday,jev-1.13.0,Friday,0.14,0.14,0.0,0,0,1,0.01,<=0.01,0.01,0.1,1.0,0,0.13,0.13,0.13,0.12,0.14,0.13,0.12,0.1
main:2031-05-13,main,0,1,q0,2031-05-13,Tuesday,jev-1.13.0,Saturday,0.14,0.14,0.0,0,1,3,0.0,0 (exact tie),0.02,0.08,1.0,0,0.13,0.14,0.13,0.13,0.14,0.14,0.11,0.08
main:2031-05-26,main,0,1,q0,2031-05-26,Monday,jev-1.13.0,Saturday,0.14,0.14,0.0,0,1,3,0.0,0 (exact tie),0.02,0.09,1.0,0,0.12,0.14,0.13,0.13,0.14,0.14,0.11,0.09
main:2031-06-07,main,0,1,q0,2031-06-07,Saturday,jev-1.13.0,Saturday,0.14,0.14,0.0,0,1,3,0.0,0 (exact tie),0.02,0.08,1.0,1,0.13,0.14,0.13,0.12,0.14,0.14,0.12,0.08
main:2031-06-25,main,0,1,q0,2031-06-25,Wednesday,jev-1.13.0,Saturday,0.14,0.14,0.0,0,1,4,0.0,0 (exact tie),0.02,0.08,1.0,0,0.13,0.14,0.14,0.12,0.14,0.14,0.11,0.08
main:2031-06-29,main,0,1,q0,2031-06-29,Sunday,jev-1.13.0,Saturday,0.13999999999999999,0.15,0.01,1,0,1,0.01,<=0.01,0.02,0.07,1.0,0,0.13,0.14,0.14,0.12,0.15,0.13999999999999999,0.11,0.07
main:2031-10-02,main,0,1,q0,2031-10-02,Thursday,jev-1.13.0,Tuesday,0.14,0.14,0.0,0,0,1,0.01,<=0.01,0.02,0.09,1.0,0,0.13,0.14,0.13,0.12,0.13,0.13,0.13,0.09
main:2031-10-09,main,0,1,q0,2031-10-09,Thursday,jev-1.13.0,Tuesday,0.14,0.14,0.0,0,1,2,0.0,0 (exact tie),0.02,0.08,1.0,0,0.13,0.14,0.13,0.13,0.13,0.14,0.12,0.08
main:2031-10-23,main,0,1,q0,2031-10-23,Thursday,jev-1.13.0,Saturday,0.15000000000000002,0.15000000000000002,0.0,0,0,1,0.02,>0.01,0.02,0.1,1.0,0,0.12,0.13,0.13,0.13,0.13,0.15000000000000002,0.11,0.1
main:2031-10-26,main,0,1,q0,2031-10-26,Sunday,jev-1.13.0,Saturday,0.13,0.13,0.0,0,1,6,0.0,0 (exact tie),0.01,0.1,1.0,0,0.13,0.13,0.13,0.13,0.13,0.13,0.12,0.1
main:2031-11-29,main,0,1,q0,2031-11-29,Saturday,jev-1.13.0,Saturday,0.14,0.14,0.0,0,1,2,0.0,0 (exact tie),0.02,0.08,1.0,1,0.13,0.13,0.13,0.13,0.14,0.14,0.12,0.08
main:2031-12-01,main,0,1,q0,2031-12-01,Monday,jev-1.13.0,Friday,0.14,0.14,0.0,0,0,1,0.01,<=0.01,0.02,0.1,1.0,0,0.13,0.13,0.13,0.12,0.14,0.13,0.12,0.1
main:2031-12-22,main,0,1,q0,2031-12-22,Monday,jev-1.13.0,Saturday,0.15,0.15,0.0,0,0,1,0.01,<=0.01,0.02,0.09,1.0,0,0.12,0.13,0.13,0.12,0.14,0.15,0.12,0.09
main:2032-05-06,main,0,1,q0,2032-05-06,Thursday,jev-1.13.0,Tuesday,0.15,0.15,0.0,0,1,2,0.0,0 (exact tie),0.03,0.06,1.0,0,0.13,0.15,0.14,0.12,0.14,0.15,0.11,0.06
main:2032-07-01,main,0,1,q0,2032-07-01,Thursday,jev-1.13.0,Tuesday,0.13,0.14,0.01,1,1,2,0.0,0 (exact tie),0.01,0.09,1.0,0,0.14,0.13,0.13,0.12,0.13,0.14,0.12,0.09
main:2032-08-12,main,0,1,q0,2032-08-12,Thursday,jev-1.13.0,Wednesday,0.13,0.14,0.01,1,1,3,0.0,0 (exact tie),0.02,0.08,1.0,0,0.13,0.14,0.13,0.12,0.14,0.14,0.12,0.08
main:2032-08-26,main,0,1,q0,2032-08-26,Thursday,jev-1.13.0,Saturday,0.15000000000000002,0.15000000000000002,0.0,0,0,1,0.01,<=0.01,0.02,0.08,1.0,0,0.14,0.13,0.13,0.12,0.13,0.15000000000000002,0.12,0.08
main:2032-09-19,main,0,1,q0,2032-09-19,Sunday,jev-1.13.0,Saturday,0.14,0.14,0.0,0,1,2,0.0,0 (exact tie),0.02,0.1,1.0,0,0.13,0.13,0.13,0.12,0.14,0.14,0.11,0.1
main:2032-10-02,main,0,1,q0,2032-10-02,Saturday,jev-1.13.0,Tuesday,0.14,0.14,0.0,0,1,3,0.0,0 (exact tie),0.02,0.08,1.0,0,0.13,0.14,0.14,0.12,0.13,0.14,0.12,0.08
main:2032-12-24,main,0,1,q0,2032-12-24,Friday,jev-1.13.0,Saturday,0.16,0.16,0.0,0,0,1,0.02,>0.01,0.03,0.07,1.0,0,0.12,0.13,0.14,0.13,0.14,0.16,0.11,0.07
main:2033-01-02,main,0,1,q0,2033-01-02,Sunday,jev-1.13.0,Monday,0.16,0.16,0.0,0,0,1,0.01,<=0.01,0.04,0.06,1.0,0,0.16,0.15,0.13,0.11,0.12,0.14,0.13,0.06
main:2033-01-23,main,0,1,q0,2033-01-23,Sunday,jev-1.13.0,Tuesday,0.15,0.15,0.0,0,0,1,0.01,<=0.01,0.02,0.07,1.0,0,0.13,0.15,0.14,0.13,0.13,0.14,0.11,0.07
main:2033-02-04,main,0,1,q0,2033-02-04,Friday,jev-1.13.0,Tuesday,0.14,0.15000000000000002,0.01,1,0,1,0.01,<=0.01,0.02,0.08,1.0,0,0.13,0.14,0.15000000000000002,0.12,0.13,0.13,0.12,0.08
main:2033-02-05,main,0,1,q0,2033-02-05,Saturday,jev-1.13.0,Tuesday,0.15,0.15,0.0,0,0,1,0.01,<=0.01,0.02,0.08,1.0,0,0.13,0.15,0.14,0.12,0.13,0.14,0.11,0.08
main:2033-03-14,main,0,1,q0,2033-03-14,Monday,jev-1.13.0,Tuesday,0.16,0.16,0.0,0,0,1,0.01,<=0.01,0.03,0.08,1.0,0,0.12,0.16,0.15000000000000002,0.12,0.13,0.14,0.1,0.08
main:2033-04-08,main,0,1,q0,2033-04-08,Friday,jev-1.13.0,Tuesday,0.15,0.15,0.0,0,0,1,0.01,<=0.01,0.03,0.08,1.0,0,0.13,0.15,0.14,0.12,0.13,0.14,0.11,0.08
main:2033-06-13,main,0,1,q0,2033-06-13,Monday,jev-1.13.0,Wednesday,0.14,0.14,0.0,0,1,4,0.0,0 (exact tie),0.02,0.08,1.0,0,0.13,0.14,0.14,0.12,0.14,0.14,0.11,0.08
main:2033-08-12,main,0,1,q0,2033-08-12,Friday,jev-1.13.0,Friday,0.14,0.14,0.0,0,1,3,0.0,0 (exact tie),0.02,0.09,1.0,1,0.13,0.14,0.13,0.12,0.14,0.14,0.11,0.09
main:2033-09-09,main,0,1,q0,2033-09-09,Friday,jev-1.13.0,Wednesday,0.13,0.14,0.01,1,1,2,0.0,0 (exact tie),0.02,0.09,1.0,0,0.13,0.14,0.13,0.12,0.14,0.13,0.12,0.09
main:2033-11-12,main,0,1,q0,2033-11-12,Saturday,jev-1.13.0,Monday,0.15000000000000002,0.15000000000000002,0.0,0,0,1,0.01,<=0.01,0.01,0.09,1.0,0,0.15000000000000002,0.13,0.14,0.12,0.13,0.13,0.11,0.09
main:2033-11-22,main,0,1,q0,2033-11-22,Tuesday,jev-1.13.0,Saturday,0.14,0.14,0.0,0,1,2,0.0,0 (exact tie),0.02,0.08,1.0,0,0.13,0.13,0.14,0.13,0.13,0.14,0.12,0.08
main:2034-02-17,main,0,1,q0,2034-02-17,Friday,jev-1.13.0,Tuesday,0.14,0.15000000000000002,0.01,1,0,1,0.01,<=0.01,0.02,0.08,1.0,0,0.13,0.14,0.15000000000000002,0.12,0.13,0.13,0.12,0.08
main:2034-02-26,main,0,1,q0,2034-02-26,Sunday,jev-1.13.0,Tuesday,0.14,0.14,0.0,0,1,3,0.0,0 (exact tie),0.02,0.09,1.0,0,0.13,0.14,0.14,0.12,0.14,0.13,0.11,0.09
main:2034-03-05,main,0,1,q0,2034-03-05,Sunday,jev-1.13.0,Tuesday,0.15,0.15,0.0,0,0,1,0.02,>0.01,0.03,0.09,1.0,0,0.13,0.15,0.13,0.12,0.13,0.13,0.12,0.09
main:2034-04-04,main,0,1,q0,2034-04-04,Tuesday,jev-1.13.0,Tuesday,0.16,0.16,0.0,0,0,1,0.01,<=0.01,0.03,0.07,1.0,1,0.13,0.16,0.13,0.12,0.13,0.15000000000000002,0.11,0.07
main:2034-04-06,main,0,1,q0,2034-04-06,Thursday,jev-1.13.0,Tuesday,0.15000000000000002,0.15000000000000002,0.0,0,0,1,0.01,<=0.01,0.02,0.08,1.0,0,0.13,0.15000000000000002,0.13,0.12,0.13,0.14,0.12,0.08
main:2034-04-24,main,0,1,q0,2034-04-24,Monday,jev-1.13.0,Tuesday,0.15000000000000002,0.15000000000000002,0.0,0,0,1,0.01,<=0.01,0.02,0.08,1.0,0,0.13,0.15000000000000002,0.13,0.12,0.14,0.14,0.11,0.08
main:2034-04-30,main,0,1,q0,2034-04-30,Sunday,jev-1.13.0,Saturday,0.15,0.15,0.0,0,0,1,0.01,<=0.01,0.02,0.07,1.0,0,0.13,0.13,0.14,0.12,0.14,0.15,0.12,0.07
main:2034-05-08,main,0,1,q0,2034-05-08,Monday,jev-1.13.0,Tuesday,0.16,0.16,0.0,0,0,1,0.02,>0.01,0.03,0.07,1.0,0,0.13,0.16,0.13,0.13,0.14,0.14,0.1,0.07
main:2034-06-01,main,0,1,q0,2034-06-01,Thursday,jev-1.13.0,Tuesday,0.14,0.14,0.0,0,1,3,0.0,0 (exact tie),0.01,0.08,1.0,0,0.13,0.14,0.13,0.12,0.14,0.14,0.12,0.08
main:2034-06-03,main,0,1,q0,2034-06-03,Saturday,jev-1.13.0,Wednesday,0.14,0.14,0.0,0,1,3,0.0,0 (exact tie),0.02,0.08,1.0,0,0.13,0.14,0.14,0.12,0.13,0.14,0.12,0.08
main:2034-06-04,main,0,1,q0,2034-06-04,Sunday,jev-1.13.0,Tuesday,0.15,0.15,0.0,0,0,1,0.01,<=0.01,0.02,0.09,1.0,0,0.13,0.15,0.14,0.12,0.13,0.13,0.11,0.09
main:2034-06-22,main,0,1,q0,2034-06-22,Thursday,jev-1.13.0,Saturday,0.15,0.15,0.0,0,0,1,0.01,<=0.01,0.02,0.08,1.0,0,0.13,0.14,0.13,0.12,0.14,0.15,0.11,0.08
main:2034-07-27,main,0,1,q0,2034-07-27,Thursday,jev-1.13.0,Monday,0.14,0.14,0.0,0,1,3,0.0,0 (exact tie),0.02,0.08,1.0,0,0.14,0.14,0.14,0.12,0.13,0.13,0.12,0.08
main:2034-09-23,main,0,1,q0,2034-09-23,Saturday,jev-1.13.0,Tuesday,0.14,0.14,0.0,0,1,2,0.0,0 (exact tie),0.01,0.1,1.0,0,0.13,0.14,0.13,0.12,0.14,0.13,0.11,0.1
main:2034-10-03,main,0,1,q0,2034-10-03,Tuesday,jev-1.13.0,Saturday,0.14,0.14,0.0,0,1,4,0.0,0 (exact tie),0.02,0.07,1.0,0,0.14,0.14,0.14,0.12,0.13,0.14,0.12,0.07
main:2034-10-08,main,0,1,q0,2034-10-08,Sunday,jev-1.13.0,Tuesday,0.13999999999999999,0.14,0.0,0,1,3,0.0,0 (exact tie),0.02,0.07,1.0,0,0.14,0.13999999999999999,0.13,0.13,0.13,0.14,0.12,0.07
main:2034-11-14,main,0,1,q0,2034-11-14,Tuesday,jev-1.13.0,Friday,0.14,0.14,0.0,0,1,2,0.0,0 (exact tie),0.02,0.09,1.0,0,0.13,0.13,0.13,0.13,0.14,0.14,0.11,0.09
main:2034-11-30,main,0,1,q0,2034-11-30,Thursday,jev-1.13.0,Saturday,0.13,0.14,0.01,1,1,2,0.0,0 (exact tie),0.02,0.09,1.0,0,0.14,0.12,0.13,0.12,0.14,0.13,0.13,0.09
main:2034-12-24,main,0,1,q0,2034-12-24,Sunday,jev-1.13.0,Friday,0.14,0.14,0.0,0,1,3,0.0,0 (exact tie),0.02,0.07,1.0,0,0.13,0.14,0.13,0.13,0.14,0.14,0.12,0.07
main:2034-12-26,main,0,1,q0,2034-12-26,Tuesday,jev-1.13.0,Saturday,0.14,0.14,0.0,0,1,3,0.0,0 (exact tie),0.02,0.07,1.0,0,0.14,0.14,0.13,0.13,0.13,0.14,0.12,0.07
main:2035-01-27,main,0,1,q0,2035-01-27,Saturday,jev-1.13.0,Saturday,0.14,0.15000000000000002,0.01,1,0,1,0.01,<=0.01,0.02,0.07,1.0,1,0.13,0.15000000000000002,0.13,0.13,0.13,0.14,0.12,0.07
main:2035-02-03,main,0,1,q0,2035-02-03,Saturday,jev-1.13.0,Wednesday,0.15000000000000002,0.15000000000000002,0.0,0,0,1,0.01,<=0.01,0.02,0.07,1.0,0,0.14,0.14,0.15000000000000002,0.12,0.13,0.13,0.12,0.07
main:2035-03-20,main,0,1,q0,2035-03-20,Tuesday,jev-1.13.0,Wednesday,0.15000000000000002,0.15000000000000002,0.0,0,0,1,0.02,>0.01,0.02,0.09,1.0,0,0.13,0.13,0.15000000000000002,0.12,0.13,0.13,0.12,0.09
main:2035-05-05,main,0,1,q0,2035-05-05,Saturday,jev-1.13.0,Friday,0.14,0.14,0.0,0,1,2,0.0,0 (exact tie),0.02,0.09,1.0,0,0.13,0.14,0.13,0.12,0.14,0.13,0.12,0.09
main:2035-06-07,main,0,1,q0,2035-06-07,Thursday,jev-1.13.0,Saturday,0.14,0.15000000000000002,0.01,1,0,1,0.01,<=0.01,0.02,0.08,1.0,0,0.13,0.15000000000000002,0.13,0.12,0.13,0.14,0.12,0.08
main:2035-07-16,main,0,1,q0,2035-07-16,Monday,jev-1.13.0,Tuesday,0.13,0.14,0.01,1,0,1,0.01,<=0.01,0.01,0.1,1.0,0,0.13,0.13,0.13,0.12,0.14,0.13,0.12,0.1
main:2035-07-23,main,0,1,q0,2035-07-23,Monday,jev-1.13.0,Tuesday,0.14,0.14,0.0,0,1,3,0.0,0 (exact tie),0.02,0.09,1.0,0,0.13,0.14,0.13,0.12,0.14,0.14,0.11,0.09
main:2035-07-31,main,0,1,q0,2035-07-31,Tuesday,jev-1.13.0,Saturday,0.14,0.14,0.0,0,1,2,0.0,0 (exact tie),0.01,0.09,1.0,0,0.13,0.13,0.13,0.12,0.14,0.14,0.12,0.09
main:2035-10-16,main,0,1,q0,2035-10-16,Tuesday,jev-1.13.0,Tuesday,0.14,0.14,0.0,0,0,1,0.01,<=0.01,0.01,0.1,1.0,1,0.13,0.14,0.13,0.13,0.13,0.13,0.11,0.1
main:2035-10-17,main,0,1,q0,2035-10-17,Wednesday,jev-1.13.0,Tuesday,0.15000000000000002,0.15000000000000002,0.0,0,0,1,0.02,>0.01,0.01,0.09,1.0,0,0.13,0.15000000000000002,0.13,0.12,0.13,0.13,0.12,0.09
main:2035-10-18,main,0,1,q0,2035-10-18,Thursday,jev-1.13.0,Tuesday,0.14,0.14,0.0,0,0,1,0.01,<=0.01,0.02,0.1,1.0,0,0.13,0.14,0.13,0.12,0.13,0.13,0.12,0.1
main:2035-10-28,main,0,1,q0,2035-10-28,Sunday,jev-1.13.0,Saturday,0.13999999999999999,0.14,0.0,0,1,2,0.0,0 (exact tie),0.03,0.08,1.0,0,0.13,0.13,0.13,0.13,0.14,0.13999999999999999,0.12,0.08
main:2035-11-14,main,0,1,q0,2035-11-14,Wednesday,jev-1.13.0,Tuesday,0.15000000000000002,0.15000000000000002,0.0,0,0,1,0.02,>0.01,0.02,0.09,1.0,0,0.13,0.15000000000000002,0.13,0.12,0.13,0.13,0.12,0.09
main:2035-11-24,main,0,1,q0,2035-11-24,Saturday,jev-1.13.0,Saturday,0.15000000000000002,0.15000000000000002,0.0,0,1,2,0.0,0 (exact tie),0.02,0.07,1.0,1,0.12,0.13,0.13,0.13,0.15000000000000002,0.15000000000000002,0.12,0.07
main:2036-01-01,main,0,1,q0,2036-01-01,Tuesday,jev-1.13.0,Tuesday,0.17,0.17,0.0,0,0,1,0.02,>0.01,0.04,0.06,1.0,1,0.13,0.17,0.14,0.12,0.14,0.15,0.09,0.06
main:2036-01-13,main,0,1,q0,2036-01-13,Sunday,jev-1.13.0,Tuesday,0.15,0.15,0.0,0,0,1,0.01,<=0.01,0.02,0.07,1.0,0,0.14,0.15,0.13,0.12,0.13,0.14,0.12,0.07
main:2036-01-14,main,0,1,q0,2036-01-14,Monday,jev-1.13.0,Tuesday,0.15,0.15,0.0,0,0,1,0.01,<=0.01,0.02,0.07,1.0,0,0.14,0.15,0.13,0.13,0.13,0.14,0.11,0.07
main:2036-02-07,main,0,1,q0,2036-02-07,Thursday,jev-1.13.0,Tuesday,0.15,0.15,0.0,0,1,2,0.0,0 (exact tie),0.02,0.06,1.0,0,0.14,0.15,0.13,0.12,0.13,0.15,0.12,0.06
main:2036-02-09,main,0,1,q0,2036-02-09,Saturday,jev-1.13.0,Saturday,0.14,0.15000000000000002,0.01,1,0,1,0.01,<=0.01,0.02,0.07,1.0,1,0.14,0.15000000000000002,0.13,0.12,0.13,0.14,0.12,0.07
main:2036-02-15,main,0,1,q0,2036-02-15,Friday,jev-1.13.0,Tuesday,0.14,0.14,0.0,0,1,5,0.0,0 (exact tie),0.02,0.07,1.0,0,0.14,0.14,0.14,0.12,0.14,0.14,0.11,0.07
main:2036-03-25,main,0,1,q0,2036-03-25,Tuesday,jev-1.13.0,Tuesday,0.14,0.14,0.0,0,1,3,0.0,0 (exact tie),0.02,0.07,1.0,1,0.13,0.14,0.13,0.13,0.14,0.14,0.12,0.07
main:2036-04-15,main,0,1,q0,2036-04-15,Tuesday,jev-1.13.0,Tuesday,0.14,0.14,0.0,0,1,2,0.0,0 (exact tie),0.02,0.09,1.0,1,0.13,0.14,0.13,0.12,0.13,0.14,0.12,0.09
main:2036-07-27,main,0,1,q0,2036-07-27,Sunday,jev-1.13.0,Saturday,0.14,0.14,0.0,0,1,3,0.0,0 (exact tie),0.02,0.09,1.0,0,0.13,0.14,0.12,0.12,0.14,0.14,0.12,0.09
main:2036-09-28,main,0,1,q0,2036-09-28,Sunday,jev-1.13.0,Saturday,0.14,0.14,0.0,0,1,2,0.0,0 (exact tie),0.02,0.09,1.0,0,0.13,0.13,0.13,0.12,0.14,0.14,0.12,0.09
main:2036-10-19,main,0,1,q0,2036-10-19,Sunday,jev-1.13.0,Saturday,0.14,0.14,0.0,0,1,3,0.0,0 (exact tie),0.02,0.09,1.0,0,0.12,0.14,0.13,0.12,0.14,0.14,0.12,0.09
main:2036-10-25,main,0,1,q0,2036-10-25,Saturday,jev-1.13.0,Saturday,0.14,0.14,0.0,0,0,1,0.01,<=0.01,0.01,0.11,1.0,1,0.12,0.13,0.13,0.12,0.13,0.14,0.12,0.11
main:2036-11-06,main,0,1,q0,2036-11-06,Thursday,jev-1.13.0,Saturday,0.14,0.15000000000000002,0.01,1,0,1,0.01,<=0.01,0.02,0.07,1.0,0,0.13,0.15000000000000002,0.13,0.12,0.14,0.14,0.12,0.07
main:2036-12-02,main,0,1,q0,2036-12-02,Tuesday,jev-1.13.0,Tuesday,0.14,0.14,0.0,0,1,4,0.0,0 (exact tie),0.02,0.07,1.0,1,0.14,0.14,0.14,0.12,0.13,0.14,0.12,0.07
main:2037-01-08,main,0,1,q0,2037-01-08,Thursday,jev-1.13.0,Monday,0.15,0.15,0.0,0,0,1,0.01,<=0.01,0.03,0.07,1.0,0,0.15,0.14,0.13,0.12,0.12,0.14,0.13,0.07
main:2037-01-20,main,0,1,q0,2037-01-20,Tuesday,jev-1.13.0,Monday,0.14,0.14,0.0,0,0,1,0.01,<=0.01,0.02,0.09,1.0,0,0.14,0.13,0.13,0.12,0.13,0.13,0.13,0.09
main:2037-03-15,main,0,1,q0,2037-03-15,Sunday,jev-1.13.0,Tuesday,0.14,0.14,0.0,0,0,1,0.01,<=0.01,0.02,0.13,1.0,0,0.12,0.14,0.13,0.12,0.13,0.12,0.11,0.13
main:2037-03-23,main,0,1,q0,2037-03-23,Monday,jev-1.13.0,Tuesday,0.14,0.14,0.0,0,0,1,0.01,<=0.01,0.01,0.11,1.0,0,0.12,0.14,0.13,0.12,0.13,0.13,0.12,0.11
main:2037-04-16,main,0,1,q0,2037-04-16,Thursday,jev-1.13.0,Tuesday,0.14,0.14,0.0,0,1,3,0.0,0 (exact tie),0.02,0.07,1.0,0,0.13,0.14,0.14,0.13,0.13,0.14,0.12,0.07
main:2037-08-27,main,0,1,q0,2037-08-27,Thursday,jev-1.13.0,Friday,0.14,0.14,0.0,0,1,3,0.0,0 (exact tie),0.01,0.08,1.0,0,0.13,0.13,0.14,0.12,0.14,0.14,0.12,0.08
main:2037-09-21,main,0,1,q0,2037-09-21,Monday,jev-1.13.0,Tuesday,0.14,0.14,0.0,0,0,1,0.01,<=0.01,0.01,0.11,1.0,0,0.13,0.14,0.13,0.12,0.13,0.13,0.11,0.11
main:2037-09-23,main,0,1,q0,2037-09-23,Wednesday,jev-1.13.0,Friday,0.15000000000000002,0.15000000000000002,0.0,0,0,1,0.02,>0.01,0.01,0.1,1.0,0,0.12,0.13,0.13,0.12,0.15000000000000002,0.13,0.12,0.1
main:2037-11-03,main,0,1,q0,2037-11-03,Tuesday,jev-1.13.0,Saturday,0.14,0.14,0.0,0,1,2,0.0,0 (exact tie),0.01,0.09,1.0,0,0.13,0.13,0.13,0.12,0.14,0.14,0.12,0.09
main:2037-12-03,main,0,1,q0,2037-12-03,Thursday,jev-1.13.0,Tuesday,0.14,0.14,0.0,0,1,3,0.0,0 (exact tie),0.02,0.08,1.0,0,0.13,0.14,0.14,0.12,0.14,0.13,0.12,0.08
main:2037-12-22,main,0,1,q0,2037-12-22,Tuesday,jev-1.13.0,Saturday,0.13,0.14,0.01,1,0,1,0.01,<=0.01,0.02,0.1,1.0,0,0.12,0.13,0.13,0.12,0.14,0.13,0.13,0.1
main:2038-01-08,main,0,1,q0,2038-01-08,Friday,jev-1.13.0,Monday,0.15,0.15,0.0,0,1,2,0.0,0 (exact tie),0.03,0.05,1.0,0,0.15,0.15,0.14,0.12,0.12,0.14,0.13,0.05
main:2038-01-20,main,0,1,q0,2038-01-20,Wednesday,jev-1.13.0,Tuesday,0.14,0.14,0.0,0,1,3,0.0,0 (exact tie),0.02,0.08,1.0,0,0.14,0.14,0.13,0.12,0.13,0.14,0.12,0.08
main:2038-02-22,main,0,1,q0,2038-02-22,Monday,jev-1.13.0,Tuesday,0.14,0.15000000000000002,0.01,1,0,1,0.01,<=0.01,0.02,0.07,1.0,0,0.14,0.14,0.15000000000000002,0.12,0.13,0.13,0.12,0.07
main:2038-03-04,main,0,1,q0,2038-03-04,Thursday,jev-1.13.0,Tuesday,0.15,0.15,0.0,0,0,1,0.01,<=0.01,0.02,0.08,1.0,0,0.14,0.15,0.14,0.12,0.12,0.13,0.12,0.08
main:2038-03-22,main,0,1,q0,2038-03-22,Monday,jev-1.13.0,Tuesday,0.14,0.14,0.0,0,1,3,0.0,0 (exact tie),0.02,0.08,1.0,0,0.13,0.14,0.14,0.12,0.13,0.14,0.12,0.08
main:2038-03-25,main,0,1,q0,2038-03-25,Thursday,jev-1.13.0,Wednesday,0.13,0.14,0.01,1,1,2,0.0,0 (exact tie),0.01,0.09,1.0,0,0.12,0.14,0.13,0.13,0.14,0.13,0.12,0.09
main:2038-04-05,main,0,1,q0,2038-04-05,Monday,jev-1.13.0,Tuesday,0.13,0.14,0.01,1,1,2,0.0,0 (exact tie),0.02,0.09,1.0,0,0.13,0.13,0.13,0.12,0.14,0.14,0.12,0.09
main:2038-04-14,main,0,1,q0,2038-04-14,Wednesday,jev-1.13.0,Tuesday,0.15000000000000002,0.15000000000000002,0.0,0,0,1,0.02,>0.01,0.02,0.09,1.0,0,0.13,0.15000000000000002,0.13,0.12,0.13,0.13,0.12,0.09
main:2038-04-22,main,0,1,q0,2038-04-22,Thursday,jev-1.13.0,Tuesday,0.14,0.14,0.0,0,1,3,0.0,0 (exact tie),0.02,0.08,1.0,0,0.13,0.14,0.13,0.12,0.14,0.14,0.12,0.08
main:2038-05-15,main,0,1,q0,2038-05-15,Saturday,jev-1.13.0,Tuesday,0.15000000000000002,0.15000000000000002,0.0,0,0,1,0.02,>0.01,0.02,0.1,1.0,0,0.13,0.15000000000000002,0.13,0.12,0.13,0.13,0.11,0.1
main:2038-05-29,main,0,1,q0,2038-05-29,Saturday,jev-1.13.0,Saturday,0.14,0.14,0.0,0,1,4,0.0,0 (exact tie),0.02,0.07,1.0,1,0.13,0.14,0.14,0.12,0.14,0.14,0.12,0.07
main:2038-07-30,main,0,1,q0,2038-07-30,Friday,jev-1.13.0,Saturday,0.13,0.14,0.01,1,1,2,0.0,0 (exact tie),0.01,0.09,1.0,0,0.14,0.13,0.13,0.12,0.14,0.13,0.12,0.09
main:2038-09-02,main,0,1,q0,2038-09-02,Thursday,jev-1.13.0,Tuesday,0.14,0.14,0.0,0,1,2,0.0,0 (exact tie),0.02,0.1,1.0,0,0.14,0.14,0.13,0.12,0.13,0.12,0.12,0.1
main:2038-09-14,main,0,1,q0,2038-09-14,Tuesday,jev-1.13.0,Tuesday,0.13,0.14,0.01,1,0,1,0.01,<=0.01,0.01,0.12,1.0,1,0.12,0.13,0.13,0.12,0.14,0.13,0.11,0.12
main:2038-09-21,main,0,1,q0,2038-09-21,Tuesday,jev-1.13.0,Tuesday,0.14,0.14,0.0,0,0,1,0.01,<=0.01,0.01,0.11,1.0,1,0.13,0.14,0.13,0.12,0.13,0.13,0.11,0.11
main:2038-09-26,main,0,1,q0,2038-09-26,Sunday,jev-1.13.0,Friday,0.14,0.14,0.0,0,1,2,0.0,0 (exact tie),0.01,0.1,1.0,0,0.12,0.14,0.13,0.12,0.14,0.13,0.12,0.1
main:2038-10-13,main,0,1,q0,2038-10-13,Wednesday,jev-1.13.0,Tuesday,0.14,0.14,0.0,0,0,1,0.01,<=0.01,0.01,0.1,1.0,0,0.13,0.14,0.13,0.12,0.13,0.13,0.12,0.1
main:2038-10-19,main,0,1,q0,2038-10-19,Tuesday,jev-1.13.0,Tuesday,0.14,0.14,0.0,0,1,2,0.0,0 (exact tie),0.02,0.11,1.0,1,0.12,0.14,0.13,0.12,0.14,0.13,0.11,0.11
main:2038-11-22,main,0,1,q0,2038-11-22,Monday,jev-1.13.0,Saturday,0.13,0.14,0.01,1,0,1,0.01,<=0.01,0.02,0.09,1.0,0,0.13,0.13,0.13,0.13,0.14,0.13,0.12,0.09
main:2039-02-11,main,0,1,q0,2039-02-11,Friday,jev-1.13.0,Tuesday,0.15000000000000002,0.15000000000000002,0.0,0,0,1,0.02,>0.01,0.02,0.09,1.0,0,0.13,0.15000000000000002,0.13,0.12,0.13,0.13,0.12,0.09
main:2039-02-15,main,0,1,q0,2039-02-15,Tuesday,jev-1.13.0,Tuesday,0.14,0.14,0.0,0,1,3,0.0,0 (exact tie),0.02,0.08,1.0,1,0.13,0.14,0.13,0.12,0.14,0.14,0.12,0.08
main:2039-03-03,main,0,1,q0,2039-03-03,Thursday,jev-1.13.0,Tuesday,0.13999999999999999,0.14,0.0,0,1,3,0.0,0 (exact tie),0.02,0.08,1.0,0,0.13,0.13999999999999999,0.14,0.12,0.13,0.14,0.12,0.08
main:2039-03-06,main,0,1,q0,2039-03-06,Sunday,jev-1.13.0,Tuesday,0.13999999999999999,0.14,0.0,0,1,3,0.0,0 (exact tie),0.03,0.08,1.0,0,0.13,0.13999999999999999,0.14,0.12,0.14,0.13,0.12,0.08
main:2039-03-07,main,0,1,q0,2039-03-07,Monday,jev-1.13.0,Tuesday,0.15000000000000002,0.15000000000000002,0.0,0,0,1,0.02,>0.01,0.02,0.11,1.0,0,0.12,0.15000000000000002,0.13,0.11,0.13,0.13,0.12,0.11
main:2039-03-09,main,0,1,q0,2039-03-09,Wednesday,jev-1.13.0,Tuesday,0.14,0.15000000000000002,0.01,1,0,1,0.01,<=0.01,0.02,0.08,1.0,0,0.13,0.14,0.15000000000000002,0.12,0.13,0.13,0.12,0.08
main:2039-03-24,main,0,1,q0,2039-03-24,Thursday,jev-1.13.0,Tuesday,0.13,0.14,0.01,1,1,2,0.0,0 (exact tie),0.01,0.1,1.0,0,0.12,0.13,0.13,0.12,0.14,0.14,0.12,0.1
main:2039-04-30,main,0,1,q0,2039-04-30,Saturday,jev-1.13.0,Saturday,0.15,0.15,0.0,0,0,1,0.01,<=0.01,0.02,0.07,1.0,1,0.14,0.13,0.13,0.12,0.14,0.15,0.12,0.07
main:2039-05-16,main,0,1,q0,2039-05-16,Monday,jev-1.13.0,Saturday,0.14,0.14,0.0,0,1,3,0.0,0 (exact tie),0.01,0.09,1.0,0,0.12,0.14,0.13,0.12,0.14,0.14,0.12,0.09
main:2039-05-25,main,0,1,q0,2039-05-25,Wednesday,jev-1.13.0,Saturday,0.13,0.14,0.01,1,0,1,0.01,<=0.01,0.01,0.1,1.0,0,0.13,0.13,0.13,0.12,0.14,0.13,0.12,0.1
main:2039-06-09,main,0,1,q0,2039-06-09,Thursday,jev-1.13.0,Saturday,0.14,0.14,0.0,0,1,2,0.0,0 (exact tie),0.02,0.09,1.0,0,0.13,0.13,0.13,0.12,0.14,0.14,0.12,0.09
main:2039-06-14,main,0,1,q0,2039-06-14,Tuesday,jev-1.13.0,Tuesday,0.14,0.14,0.0,0,1,3,0.0,0 (exact tie),0.02,0.07,1.0,1,0.13,0.14,0.13,0.13,0.14,0.14,0.12,0.07
main:2039-07-05,main,0,1,q0,2039-07-05,Tuesday,jev-1.13.0,Friday,0.14,0.14,0.0,0,0,1,0.01,<=0.01,0.02,0.1,1.0,0,0.13,0.13,0.13,0.12,0.14,0.13,0.12,0.1
main:2039-09-20,main,0,1,q0,2039-09-20,Tuesday,jev-1.13.0,Saturday,0.13,0.14,0.01,1,1,2,0.0,0 (exact tie),0.01,0.1,1.0,0,0.12,0.14,0.14,0.12,0.13,0.13,0.12,0.1
main:2039-10-14,main,0,1,q0,2039-10-14,Friday,jev-1.13.0,Tuesday,0.13,0.14,0.01,1,0,1,0.01,<=0.01,0.01,0.1,1.0,0,0.13,0.13,0.14,0.12,0.13,0.13,0.12,0.1
main:2039-11-10,main,0,1,q0,2039-11-10,Thursday,jev-1.13.0,Tuesday,0.13,0.13,0.0,0,1,5,0.0,0 (exact tie),0.01,0.11,1.0,0,0.13,0.13,0.13,0.12,0.13,0.13,0.12,0.11
main:2040-01-10,main,0,1,q0,2040-01-10,Tuesday,jev-1.13.0,Tuesday,0.13999999999999999,0.14,0.0,0,1,4,0.0,0 (exact tie),0.03,0.07,1.0,1,0.14,0.13999999999999999,0.14,0.12,0.13,0.14,0.12,0.07
main:2040-02-24,main,0,1,q0,2040-02-24,Friday,jev-1.13.0,Saturday,0.14,0.15000000000000002,0.01,1,0,1,0.01,<=0.01,0.02,0.07,1.0,0,0.13,0.14,0.15000000000000002,0.12,0.13,0.14,0.12,0.07
main:2040-04-25,main,0,1,q0,2040-04-25,Wednesday,jev-1.13.0,Saturday,0.15,0.15,0.0,0,0,1,0.01,<=0.01,0.03,0.07,1.0,0,0.12,0.14,0.13,0.13,0.14,0.15,0.12,0.07
main:2040-05-10,main,0,1,q0,2040-05-10,Thursday,jev-1.13.0,Saturday,0.14,0.14,0.0,0,1,3,0.0,0 (exact tie),0.02,0.08,1.0,0,0.13,0.14,0.13,0.12,0.14,0.14,0.12,0.08
main:2040-07-25,main,0,1,q0,2040-07-25,Wednesday,jev-1.13.0,Saturday,0.13999999999999999,0.14,0.0,0,1,3,0.0,0 (exact tie),0.03,0.08,1.0,0,0.13,0.14,0.13,0.13,0.14,0.13999999999999999,0.11,0.08
main:2040-08-02,main,0,1,q0,2040-08-02,Thursday,jev-1.13.0,Tuesday,0.14,0.14,0.0,0,1,3,0.0,0 (exact tie),0.02,0.08,1.0,0,0.13,0.14,0.13,0.12,0.14,0.14,0.12,0.08
main:2040-09-26,main,0,1,q0,2040-09-26,Wednesday,jev-1.13.0,Saturday,0.14,0.14,0.0,0,1,3,0.0,0 (exact tie),0.02,0.07,1.0,0,0.14,0.13,0.14,0.13,0.13,0.14,0.12,0.07
main:2040-10-29,main,0,1,q0,2040-10-29,Monday,jev-1.13.0,Saturday,0.13999999999999999,0.14,0.0,0,1,2,0.0,0 (exact tie),0.03,0.08,1.0,0,0.13,0.13,0.13,0.13,0.14,0.13999999999999999,0.12,0.08
main:2040-11-03,main,0,1,q0,2040-11-03,Saturday,jev-1.13.0,Saturday,0.15,0.15,0.0,0,0,1,0.01,<=0.01,0.02,0.08,1.0,1,0.13,0.14,0.13,0.12,0.13,0.15,0.12,0.08
main:2040-11-19,main,0,1,q0,2040-11-19,Monday,jev-1.13.0,Saturday,0.15000000000000002,0.15000000000000002,0.0,0,0,1,0.02,>0.01,0.02,0.1,1.0,0,0.13,0.13,0.12,0.12,0.13,0.15000000000000002,0.12,0.1
main:2040-11-20,main,0,1,q0,2040-11-20,Tuesday,jev-1.13.0,Saturday,0.15000000000000002,0.15000000000000002,0.0,0,0,1,0.01,<=0.01,0.02,0.08,1.0,0,0.13,0.13,0.14,0.12,0.13,0.15000000000000002,0.12,0.08
main:2040-11-29,main,0,1,q0,2040-11-29,Thursday,jev-1.13.0,Saturday,0.15000000000000002,0.15000000000000002,0.0,0,0,1,0.02,>0.01,0.02,0.09,1.0,0,0.13,0.13,0.13,0.12,0.13,0.15000000000000002,0.12,0.09
main:2040-12-03,main,0,1,q0,2040-12-03,Monday,jev-1.13.0,Monday,0.14,0.14,0.0,0,1,3,0.0,0 (exact tie),0.02,0.08,1.0,1,0.14,0.14,0.13,0.12,0.13,0.14,0.12,0.08
main:2040-12-12,main,0,1,q0,2040-12-12,Wednesday,jev-1.13.0,Saturday,0.14,0.14,0.0,0,1,3,0.0,0 (exact tie),0.02,0.08,1.0,0,0.13,0.14,0.13,0.12,0.14,0.14,0.12,0.08
main:2041-01-06,main,0,1,q0,2041-01-06,Sunday,jev-1.13.0,Monday,0.13999999999999999,0.14,0.0,0,1,4,0.0,0 (exact tie),0.03,0.07,1.0,0,0.13999999999999999,0.14,0.13,0.12,0.12,0.14,0.14,0.07
main:2041-04-06,main,0,1,q0,2041-04-06,Saturday,jev-1.13.0,Saturday,0.14,0.15000000000000002,0.01,1,0,1,0.01,<=0.01,0.02,0.08,1.0,1,0.13,0.15000000000000002,0.13,0.12,0.13,0.14,0.12,0.08
main:2041-06-02,main,0,1,q0,2041-06-02,Sunday,jev-1.13.0,Tuesday,0.14,0.14,0.0,0,1,2,0.0,0 (exact tie),0.02,0.08,1.0,0,0.13,0.14,0.13,0.13,0.13,0.14,0.12,0.08
main:2041-06-04,main,0,1,q0,2041-06-04,Tuesday,jev-1.13.0,Tuesday,0.14,0.14,0.0,0,1,4,0.0,0 (exact tie),0.02,0.07,1.0,1,0.13,0.14,0.14,0.12,0.14,0.14,0.12,0.07
main:2041-06-15,main,0,1,q0,2041-06-15,Saturday,jev-1.13.0,Friday,0.14,0.14,0.0,0,0,1,0.01,<=0.01,0.01,0.1,1.0,0,0.13,0.13,0.13,0.12,0.14,0.13,0.12,0.1
main:2041-09-03,main,0,1,q0,2041-09-03,Tuesday,jev-1.13.0,Monday,0.13,0.13,0.0,0,1,6,0.0,0 (exact tie),0.01,0.1,1.0,0,0.13,0.13,0.13,0.12,0.13,0.13,0.13,0.1
main:2041-09-13,main,0,1,q0,2041-09-13,Friday,jev-1.13.0,Tuesday,0.13,0.14,0.01,1,0,1,0.01,<=0.01,0.01,0.1,1.0,0,0.13,0.13,0.14,0.12,0.13,0.13,0.12,0.1
main:2041-11-21,main,0,1,q0,2041-11-21,Thursday,jev-1.13.0,Saturday,0.14,0.14,0.0,0,1,3,0.0,0 (exact tie),0.02,0.08,1.0,0,0.13,0.14,0.13,0.13,0.14,0.14,0.11,0.08
main:2041-12-15,main,0,1,q0,2041-12-15,Sunday,jev-1.13.0,Friday,0.14,0.14,0.0,0,0,1,0.01,<=0.01,0.01,0.09,1.0,0,0.13,0.13,0.13,0.13,0.14,0.13,0.12,0.09
main:2042-01-29,main,0,1,q0,2042-01-29,Wednesday,jev-1.13.0,Saturday,0.14,0.15000000000000002,0.01,1,0,1,0.01,<=0.01,0.02,0.06,0.99,0,0.14,0.15000000000000002,0.13,0.13,0.13,0.14,0.11,0.06
main:2042-03-01,main,0,1,q0,2042-03-01,Saturday,jev-1.13.0,Tuesday,0.15,0.15,0.0,0,0,1,0.01,<=0.01,0.02,0.08,1.0,0,0.13,0.15,0.13,0.12,0.13,0.14,0.12,0.08
main:2042-04-12,main,0,1,q0,2042-04-12,Saturday,jev-1.13.0,Tuesday,0.15,0.15,0.0,0,0,1,0.01,<=0.01,0.03,0.08,1.0,0,0.13,0.15,0.13,0.12,0.13,0.14,0.12,0.08
main:2042-05-07,main,0,1,q0,2042-05-07,Wednesday,jev-1.13.0,Tuesday,0.15000000000000002,0.15000000000000002,0.0,0,0,1,0.01,<=0.01,0.02,0.07,1.0,0,0.13,0.15000000000000002,0.13,0.13,0.13,0.14,0.12,0.07
main:2042-06-26,main,0,1,q0,2042-06-26,Thursday,jev-1.13.0,Friday,0.14,0.14,0.0,0,1,2,0.0,0 (exact tie),0.02,0.09,1.0,0,0.13,0.13,0.13,0.12,0.14,0.14,0.12,0.09
main:2042-07-03,main,0,1,q0,2042-07-03,Thursday,jev-1.13.0,Tuesday,0.15000000000000002,0.15000000000000002,0.0,0,0,1,0.02,>0.01,0.01,0.08,1.0,0,0.13,0.15000000000000002,0.13,0.12,0.13,0.13,0.13,0.08
main:2042-08-31,main,0,1,q0,2042-08-31,Sunday,jev-1.13.0,Saturday,0.14,0.14,0.0,0,1,3,0.0,0 (exact tie),0.02,0.07,1.0,0,0.14,0.13,0.13,0.13,0.14,0.14,0.12,0.07
main:2042-09-27,main,0,1,q0,2042-09-27,Saturday,jev-1.13.0,Saturday,0.14,0.14,0.0,0,1,3,0.0,0 (exact tie),0.02,0.08,1.0,1,0.13,0.14,0.13,0.12,0.14,0.14,0.12,0.08
main:2042-10-04,main,0,1,q0,2042-10-04,Saturday,jev-1.13.0,Tuesday,0.13,0.14,0.01,1,0,1,0.01,<=0.01,0.01,0.11,1.0,0,0.12,0.13,0.14,0.12,0.13,0.13,0.12,0.11
main:2042-11-08,main,0,1,q0,2042-11-08,Saturday,jev-1.13.0,Tuesday,0.14,0.14,0.0,0,1,3,0.0,0 (exact tie),0.02,0.07,1.0,0,0.13,0.14,0.14,0.13,0.13,0.14,0.12,0.07
main:2043-01-05,main,0,1,q0,2043-01-05,Monday,jev-1.13.0,Monday,0.15,0.15,0.0,0,0,1,0.01,<=0.01,0.03,0.07,1.0,1,0.15,0.14,0.14,0.12,0.12,0.14,0.12,0.07
main:2043-01-08,main,0,1,q0,2043-01-08,Thursday,jev-1.13.0,Monday,0.15,0.15,0.0,0,1,2,0.0,0 (exact tie),0.03,0.06,1.0,0,0.15,0.15,0.14,0.12,0.12,0.14,0.12,0.06
main:2043-02-17,main,0,1,q0,2043-02-17,Tuesday,jev-1.13.0,Tuesday,0.14,0.14,0.0,0,1,3,0.0,0 (exact tie),0.02,0.07,1.0,1,0.13,0.14,0.14,0.13,0.13,0.14,0.12,0.07
main:2043-02-23,main,0,1,q0,2043-02-23,Monday,jev-1.13.0,Wednesday,0.14,0.14,0.0,0,1,3,0.0,0 (exact tie),0.02,0.08,1.0,0,0.13,0.14,0.14,0.12,0.13,0.14,0.12,0.08
main:2043-03-18,main,0,1,q0,2043-03-18,Wednesday,jev-1.13.0,Wednesday,0.14,0.14,0.0,0,1,2,0.0,0 (exact tie),0.02,0.09,1.0,1,0.12,0.14,0.14,0.13,0.13,0.13,0.12,0.09
main:2043-04-29,main,0,1,q0,2043-04-29,Wednesday,jev-1.13.0,Saturday,0.14,0.14,0.0,0,1,2,0.0,0 (exact tie),0.01,0.09,1.0,0,0.13,0.13,0.13,0.12,0.14,0.14,0.12,0.09
main:2043-06-05,main,0,1,q0,2043-06-05,Friday,jev-1.13.0,Tuesday,0.14,0.14,0.0,0,1,3,0.0,0 (exact tie),0.02,0.08,1.0,0,0.13,0.14,0.13,0.12,0.14,0.14,0.12,0.08
main:2043-06-10,main,0,1,q0,2043-06-10,Wednesday,jev-1.13.0,Wednesday,0.13999999999999999,0.14,0.0,0,1,4,0.0,0 (exact tie),0.02,0.07,1.0,1,0.13,0.14,0.13999999999999999,0.12,0.14,0.14,0.12,0.07
main:2043-06-22,main,0,1,q0,2043-06-22,Monday,jev-1.13.0,Tuesday,0.14,0.14,0.0,0,1,3,0.0,0 (exact tie),0.02,0.09,1.0,0,0.12,0.14,0.13,0.12,0.14,0.14,0.12,0.09
main:2043-06-25,main,0,1,q0,2043-06-25,Thursday,jev-1.13.0,Friday,0.14,0.14,0.0,0,1,2,0.0,0 (exact tie),0.01,0.09,1.0,0,0.13,0.13,0.13,0.12,0.14,0.14,0.12,0.09
main:2043-07-19,main,0,1,q0,2043-07-19,Sunday,jev-1.13.0,Wednesday,0.14,0.14,0.0,0,1,3,0.0,0 (exact tie),0.02,0.08,1.0,0,0.13,0.14,0.14,0.12,0.13,0.14,0.12,0.08
main:2043-08-04,main,0,1,q0,2043-08-04,Tuesday,jev-1.13.0,Tuesday,0.14,0.14,0.0,0,1,3,0.0,0 (exact tie),0.02,0.07,1.0,1,0.13,0.14,0.14,0.13,0.13,0.14,0.12,0.07
main:2043-08-18,main,0,1,q0,2043-08-18,Tuesday,jev-1.13.0,Friday,0.14,0.14,0.0,0,0,1,0.01,<=0.01,0.01,0.1,1.0,0,0.13,0.13,0.13,0.12,0.14,0.13,0.12,0.1
main:2043-08-20,main,0,1,q0,2043-08-20,Thursday,jev-1.13.0,Saturday,0.14,0.14,0.0,0,1,2,0.0,0 (exact tie),0.02,0.09,1.0,0,0.13,0.13,0.13,0.12,0.14,0.14,0.12,0.09
main:2043-08-29,main,0,1,q0,2043-08-29,Saturday,jev-1.13.0,Saturday,0.13999999999999999,0.14,0.0,0,1,4,0.0,0 (exact tie),0.02,0.07,1.0,1,0.13,0.14,0.14,0.12,0.14,0.13999999999999999,0.12,0.07
main:2043-09-17,main,0,1,q0,2043-09-17,Thursday,jev-1.13.0,Tuesday,0.13,0.13,0.0,0,1,4,0.0,0 (exact tie),0.01,0.12,1.0,0,0.13,0.13,0.12000000000000001,0.12,0.13,0.13,0.12,0.12
main:2043-09-20,main,0,1,q0,2043-09-20,Sunday,jev-1.13.0,Tuesday,0.15000000000000002,0.15000000000000002,0.0,0,0,1,0.02,>0.01,0.01,0.09,1.0,0,0.13,0.15000000000000002,0.13,0.12,0.13,0.13,0.12,0.09
main:2043-11-16,main,0,1,q0,2043-11-16,Monday,jev-1.13.0,Friday,0.14,0.14,0.0,0,1,2,0.0,0 (exact tie),0.01,0.09,1.0,0,0.13,0.13,0.13,0.12,0.14,0.14,0.12,0.09
main:2043-12-18,main,0,1,q0,2043-12-18,Friday,jev-1.13.0,Saturday,0.14,0.15000000000000002,0.01,1,0,1,0.01,<=0.01,0.02,0.08,1.0,0,0.13,0.13,0.15000000000000002,0.12,0.13,0.14,0.12,0.08
main:2044-01-04,main,0,1,q0,2044-01-04,Monday,jev-1.13.0,Monday,0.15,0.15,0.0,0,1,2,0.0,0 (exact tie),0.03,0.06,1.0,1,0.15,0.15,0.14,0.13,0.11,0.14,0.12,0.06
main:2044-02-04,main,0,1,q0,2044-02-04,Thursday,jev-1.13.0,Tuesday,0.14,0.14,0.0,0,1,4,0.0,0 (exact tie),0.02,0.07,1.0,0,0.14,0.14,0.14,0.12,0.13,0.14,0.12,0.07
main:2044-03-05,main,0,1,q0,2044-03-05,Saturday,jev-1.13.0,Tuesday,0.16,0.16,0.0,0,0,1,0.02,>0.01,0.03,0.08,1.0,0,0.13,0.16,0.13,0.11,0.13,0.14,0.12,0.08
main:2044-03-08,main,0,1,q0,2044-03-08,Tuesday,jev-1.13.0,Tuesday,0.15,0.15,0.0,0,0,1,0.01,<=0.01,0.04,0.08,1.0,1,0.13,0.15,0.14,0.12,0.14,0.13,0.11,0.08
main:2044-03-27,main,0,1,q0,2044-03-27,Sunday,jev-1.13.0,Saturday,0.13999999999999999,0.14,0.0,0,1,3,0.0,0 (exact tie),0.02,0.08,1.0,0,0.13,0.14,0.14,0.12,0.13,0.13999999999999999,0.12,0.08
main:2044-04-02,main,0,1,q0,2044-04-02,Saturday,jev-1.13.0,Tuesday,0.15,0.15,0.0,0,0,1,0.01,<=0.01,0.02,0.07,1.0,0,0.13,0.15,0.13,0.12,0.13,0.14,0.13,0.07
main:2044-04-16,main,0,1,q0,2044-04-16,Saturday,jev-1.13.0,Saturday,0.15,0.15,0.0,0,0,1,0.01,<=0.01,0.03,0.06,1.0,1,0.13,0.14,0.13,0.13,0.14,0.15,0.12,0.06
main:2044-04-19,main,0,1,q0,2044-04-19,Tuesday,jev-1.13.0,Saturday,0.15,0.15,0.0,0,0,1,0.01,<=0.01,0.03,0.06,1.0,0,0.13,0.14,0.13,0.13,0.14,0.15,0.12,0.06
main:2044-04-28,main,0,1,q0,2044-04-28,Thursday,jev-1.13.0,Saturday,0.13999999999999999,0.14,0.0,0,1,3,0.0,0 (exact tie),0.02,0.07,1.0,0,0.14,0.14,0.13,0.13,0.13,0.13999999999999999,0.12,0.07
main:2044-05-04,main,0,1,q0,2044-05-04,Wednesday,jev-1.13.0,Saturday,0.15,0.15,0.0,0,0,1,0.01,<=0.01,0.02,0.07,1.0,0,0.13,0.14,0.13,0.13,0.13,0.15,0.12,0.07
main:2044-05-09,main,0,1,q0,2044-05-09,Monday,jev-1.13.0,Tuesday,0.13999999999999999,0.15,0.01,1,0,1,0.01,<=0.01,0.03,0.05,1.0,0,0.14,0.13999999999999999,0.14,0.13,0.13,0.15,0.12,0.05
main:2044-06-05,main,0,1,q0,2044-06-05,Sunday,jev-1.13.0,Tuesday,0.14,0.14,0.0,0,1,5,0.0,0 (exact tie),0.02,0.06,1.0,0,0.14,0.14,0.14,0.12,0.14,0.14,0.12,0.06
main:2044-08-25,main,0,1,q0,2044-08-25,Thursday,jev-1.13.0,Saturday,0.13999999999999999,0.14,0.0,0,1,3,0.0,0 (exact tie),0.03,0.08,1.0,0,0.13,0.14,0.13,0.12,0.14,0.13999999999999999,0.12,0.08
main:2044-09-08,main,0,1,q0,2044-09-08,Thursday,jev-1.13.0,Saturday,0.14,0.14,0.0,0,0,1,0.01,<=0.01,0.01,0.09,1.0,0,0.13,0.13,0.13,0.12,0.13,0.14,0.13,0.09
main:2044-09-27,main,0,1,q0,2044-09-27,Tuesday,jev-1.13.0,Saturday,0.15000000000000002,0.15000000000000002,0.0,0,0,1,0.01,<=0.01,0.02,0.08,1.0,0,0.12,0.13,0.13,0.13,0.14,0.15000000000000002,0.12,0.08
main:2044-10-06,main,0,1,q0,2044-10-06,Thursday,jev-1.13.0,Saturday,0.13999999999999999,0.14,0.0,0,1,3,0.0,0 (exact tie),0.03,0.07,1.0,0,0.14,0.13,0.13,0.12,0.14,0.13999999999999999,0.13,0.07
main:2044-10-20,main,0,1,q0,2044-10-20,Thursday,jev-1.13.0,Saturday,0.13999999999999999,0.14,0.0,0,1,3,0.0,0 (exact tie),0.02,0.08,1.0,0,0.14,0.14,0.13,0.12,0.13,0.13999999999999999,0.12,0.08
main:2044-10-27,main,0,1,q0,2044-10-27,Thursday,jev-1.13.0,Saturday,0.15,0.15,0.0,0,0,1,0.01,<=0.01,0.03,0.07,1.0,0,0.13,0.13,0.13,0.13,0.14,0.15,0.12,0.07
main:2044-10-30,main,0,1,q0,2044-10-30,Sunday,jev-1.13.0,Saturday,0.13999999999999999,0.14,0.0,0,1,3,0.0,0 (exact tie),0.03,0.08,1.0,0,0.13,0.14,0.13,0.12,0.14,0.13999999999999999,0.12,0.08
main:2044-11-19,main,0,1,q0,2044-11-19,Saturday,jev-1.13.0,Saturday,0.14,0.14,0.0,0,1,2,0.0,0 (exact tie),0.02,0.09,1.0,1,0.13,0.13,0.14,0.12,0.13,0.14,0.12,0.09
main:2044-12-04,main,0,1,q0,2044-12-04,Sunday,jev-1.13.0,Tuesday,0.16,0.16,0.0,0,0,1,0.02,>0.01,0.03,0.06,1.0,0,0.13,0.16,0.14,0.13,0.13,0.14,0.11,0.06
main:2044-12-27,main,0,1,q0,2044-12-27,Tuesday,jev-1.13.0,Saturday,0.13999999999999999,0.14,0.0,0,1,3,0.0,0 (exact tie),0.03,0.07,1.0,0,0.14,0.14,0.13,0.13,0.13,0.13999999999999999,0.12,0.07
main:2045-01-05,main,0,1,q0,2045-01-05,Thursday,jev-1.13.0,Monday,0.16,0.16,0.0,0,0,1,0.02,>0.01,0.03,0.07,1.0,0,0.16,0.14,0.13,0.13,0.12,0.13,0.12,0.07
main:2045-02-09,main,0,1,q0,2045-02-09,Thursday,jev-1.13.0,Tuesday,0.15,0.15,0.0,0,0,1,0.01,<=0.01,0.02,0.07,1.0,0,0.13,0.15,0.13,0.12,0.14,0.14,0.12,0.07
main:2045-04-20,main,0,1,q0,2045-04-20,Thursday,jev-1.13.0,Tuesday,0.13,0.14,0.01,1,1,2,0.0,0 (exact tie),0.02,0.08,1.0,0,0.13,0.13,0.13,0.13,0.14,0.14,0.12,0.08
main:2045-06-15,main,0,1,q0,2045-06-15,Thursday,jev-1.13.0,Tuesday,0.14,0.14,0.0,0,0,1,0.01,<=0.01,0.02,0.1,1.0,0,0.13,0.14,0.13,0.12,0.13,0.13,0.12,0.1
main:2045-06-22,main,0,1,q0,2045-06-22,Thursday,jev-1.13.0,Saturday,0.14,0.15000000000000002,0.01,1,0,1,0.01,<=0.01,0.02,0.08,1.0,0,0.12,0.15000000000000002,0.13,0.12,0.14,0.14,0.12,0.08
main:2045-06-30,main,0,1,q0,2045-06-30,Friday,jev-1.13.0,Friday,0.14,0.15000000000000002,0.01,1,0,1,0.01,<=0.01,0.02,0.08,1.0,1,0.13,0.15000000000000002,0.13,0.12,0.14,0.14,0.11,0.08
main:2045-07-27,main,0,1,q0,2045-07-27,Thursday,jev-1.13.0,Tuesday,0.14,0.14,0.0,0,1,3,0.0,0 (exact tie),0.02,0.08,1.0,0,0.13,0.14,0.13,0.12,0.14,0.14,0.12,0.08
main:2045-08-21,main,0,1,q0,2045-08-21,Monday,jev-1.13.0,Tuesday,0.15000000000000002,0.15000000000000002,0.0,0,0,1,0.02,>0.01,0.02,0.09,1.0,0,0.13,0.15000000000000002,0.13,0.12,0.13,0.13,0.12,0.09
main:2045-09-18,main,0,1,q0,2045-09-18,Monday,jev-1.13.0,Tuesday,0.14,0.14,0.0,0,1,2,0.0,0 (exact tie),0.01,0.08,1.0,0,0.13,0.14,0.14,0.13,0.13,0.13,0.12,0.08
main:2045-12-17,main,0,1,q0,2045-12-17,Sunday,jev-1.13.0,Friday,0.14,0.14,0.0,0,0,1,0.01,<=0.01,0.01,0.1,1.0,0,0.13,0.13,0.13,0.12,0.14,0.13,0.12,0.1
main:2045-12-20,main,0,1,q0,2045-12-20,Wednesday,jev-1.13.0,Saturday,0.14,0.14,0.0,0,1,2,0.0,0 (exact tie),0.02,0.08,1.0,0,0.13,0.13,0.13,0.13,0.14,0.14,0.12,0.08
main:2046-02-19,main,0,1,q0,2046-02-19,Monday,jev-1.13.0,Saturday,0.14,0.14,0.0,0,1,4,0.0,0 (exact tie),0.02,0.07,1.0,0,0.14,0.14,0.14,0.12,0.13,0.14,0.12,0.07
main:2046-02-24,main,0,1,q0,2046-02-24,Saturday,jev-1.13.0,Tuesday,0.14,0.14,0.0,0,1,3,0.0,0 (exact tie),0.01,0.08,1.0,0,0.13,0.14,0.14,0.12,0.14,0.13,0.12,0.08
main:2046-04-17,main,0,1,q0,2046-04-17,Tuesday,jev-1.13.0,Saturday,0.14,0.14,0.0,0,1,3,0.0,0 (exact tie),0.02,0.08,1.0,0,0.13,0.14,0.13,0.13,0.14,0.14,0.11,0.08
main:2046-05-08,main,0,1,q0,2046-05-08,Tuesday,jev-1.13.0,Tuesday,0.16,0.16,0.0,0,0,1,0.02,>0.01,0.03,0.06,1.0,1,0.13,0.16,0.14,0.12,0.14,0.14,0.11,0.06
main:2046-06-04,main,0,1,q0,2046-06-04,Monday,jev-1.13.0,Wednesday,0.13,0.14,0.01,1,1,4,0.0,0 (exact tie),0.02,0.07,1.0,0,0.14,0.14,0.13,0.12,0.14,0.14,0.12,0.07
main:2046-07-15,main,0,1,q0,2046-07-15,Sunday,jev-1.13.0,Tuesday,0.15000000000000002,0.15000000000000002,0.0,0,0,1,0.02,>0.01,0.02,0.09,1.0,0,0.13,0.15000000000000002,0.13,0.12,0.13,0.13,0.12,0.09
main:2046-07-23,main,0,1,q0,2046-07-23,Monday,jev-1.13.0,Friday,0.14,0.14,0.0,0,1,2,0.0,0 (exact tie),0.01,0.1,1.0,0,0.12,0.13,0.13,0.12,0.14,0.14,0.12,0.1
main:2046-07-24,main,0,1,q0,2046-07-24,Tuesday,jev-1.13.0,Saturday,0.14,0.14,0.0,0,1,3,0.0,0 (exact tie),0.02,0.08,1.0,0,0.13,0.14,0.13,0.12,0.14,0.14,0.12,0.08
main:2046-07-30,main,0,1,q0,2046-07-30,Monday,jev-1.13.0,Saturday,0.15000000000000002,0.15000000000000002,0.0,0,0,1,0.01,<=0.01,0.02,0.08,1.0,0,0.13,0.13,0.13,0.12,0.14,0.15000000000000002,0.12,0.08
main:2046-08-07,main,0,1,q0,2046-08-07,Tuesday,jev-1.13.0,Saturday,0.14,0.14,0.0,0,1,2,0.0,0 (exact tie),0.02,0.08,1.0,0,0.13,0.13,0.13,0.12,0.14,0.14,0.13,0.08
main:2046-09-01,main,0,1,q0,2046-09-01,Saturday,jev-1.13.0,Monday,0.14,0.14,0.0,0,0,1,0.01,<=0.01,0.01,0.1,1.0,0,0.14,0.13,0.13,0.11,0.13,0.13,0.13,0.1
main:2046-09-05,main,0,1,q0,2046-09-05,Wednesday,jev-1.13.0,Friday,0.14,0.14,0.0,0,1,3,0.0,0 (exact tie),0.02,0.08,1.0,0,0.13,0.14,0.14,0.12,0.14,0.13,0.12,0.08
main:2046-09-16,main,0,1,q0,2046-09-16,Sunday,jev-1.13.0,Tuesday,0.14,0.14,0.0,0,1,3,0.0,0 (exact tie),0.02,0.08,1.0,0,0.13,0.14,0.13,0.12,0.14,0.14,0.12,0.08
main:2046-09-21,main,0,1,q0,2046-09-21,Friday,jev-1.13.0,Tuesday,0.14,0.14,0.0,0,1,3,0.0,0 (exact tie),0.02,0.08,1.0,0,0.13,0.14,0.13,0.12,0.14,0.14,0.12,0.08
main:2046-10-21,main,0,1,q0,2046-10-21,Sunday,jev-1.13.0,Saturday,0.14,0.14,0.0,0,1,3,0.0,0 (exact tie),0.02,0.08,1.0,0,0.13,0.14,0.13,0.12,0.14,0.14,0.12,0.08
main:2046-11-01,main,0,1,q0,2046-11-01,Thursday,jev-1.13.0,Tuesday,0.14,0.14,0.0,0,1,2,0.0,0 (exact tie),0.01,0.09,1.0,0,0.13,0.14,0.13,0.12,0.14,0.13,0.12,0.09
main:2047-02-23,main,0,1,q0,2047-02-23,Saturday,jev-1.13.0,Tuesday,0.14,0.14,0.0,0,1,2,0.0,0 (exact tie),0.02,0.09,1.0,0,0.13,0.14,0.13,0.12,0.13,0.14,0.12,0.09
main:2047-03-07,main,0,1,q0,2047-03-07,Thursday,jev-1.13.0,Tuesday,0.14,0.14,0.0,0,1,2,0.0,0 (exact tie),0.02,0.09,1.0,0,0.13,0.14,0.14,0.12,0.13,0.13,0.12,0.09
main:2047-03-25,main,0,1,q0,2047-03-25,Monday,jev-1.13.0,Tuesday,0.14,0.15000000000000002,0.01,1,0,1,0.01,<=0.01,0.02,0.09,1.0,0,0.12,0.14,0.15000000000000002,0.12,0.13,0.13,0.12,0.09
main:2047-04-06,main,0,1,q0,2047-04-06,Saturday,jev-1.13.0,Tuesday,0.15000000000000002,0.15000000000000002,0.0,0,0,1,0.01,<=0.01,0.02,0.08,1.0,0,0.13,0.15000000000000002,0.13,0.12,0.13,0.14,0.12,0.08
main:2047-04-10,main,0,1,q0,2047-04-10,Wednesday,jev-1.13.0,Tuesday,0.14,0.14,0.0,0,1,2,0.0,0 (exact tie),0.02,0.09,1.0,0,0.12,0.14,0.13,0.12,0.13,0.14,0.13,0.09
main:2047-04-23,main,0,1,q0,2047-04-23,Tuesday,jev-1.13.0,Saturday,0.14,0.14,0.0,0,0,1,0.01,<=0.01,0.01,0.1,1.0,0,0.12,0.13,0.13,0.13,0.13,0.14,0.12,0.1
main:2047-06-12,main,0,1,q0,2047-06-12,Wednesday,jev-1.13.0,Tuesday,0.14,0.14,0.0,0,1,2,0.0,0 (exact tie),0.02,0.11,1.0,0,0.12,0.14,0.13,0.12,0.14,0.13,0.11,0.11
main:2047-06-14,main,0,1,q0,2047-06-14,Friday,jev-1.13.0,Tuesday,0.15000000000000002,0.15000000000000002,0.0,0,0,1,0.01,<=0.01,0.02,0.1,1.0,0,0.12,0.15000000000000002,0.13,0.12,0.14,0.13,0.11,0.1
main:2047-06-15,main,0,1,q0,2047-06-15,Saturday,jev-1.13.0,Wednesday,0.13,0.14,0.01,1,1,2,0.0,0 (exact tie),0.02,0.1,1.0,0,0.13,0.14,0.13,0.12,0.14,0.13,0.11,0.1
main:2047-07-02,main,0,1,q0,2047-07-02,Tuesday,jev-1.13.0,Tuesday,0.15000000000000002,0.15000000000000002,0.0,0,0,1,0.02,>0.01,0.02,0.09,1.0,1,0.13,0.15000000000000002,0.13,0.12,0.13,0.13,0.12,0.09
main:2047-08-14,main,0,1,q0,2047-08-14,Wednesday,jev-1.13.0,Saturday,0.15000000000000002,0.15000000000000002,0.0,0,0,1,0.01,<=0.01,0.02,0.09,1.0,0,0.12,0.13,0.13,0.12,0.14,0.15000000000000002,0.12,0.09
main:2047-08-18,main,0,1,q0,2047-08-18,Sunday,jev-1.13.0,Saturday,0.14,0.14,0.0,0,1,3,0.0,0 (exact tie),0.02,0.08,1.0,0,0.13,0.14,0.13,0.12,0.14,0.14,0.12,0.08
main:2047-08-22,main,0,1,q0,2047-08-22,Thursday,jev-1.13.0,Saturday,0.15000000000000002,0.15000000000000002,0.0,0,0,1,0.01,<=0.01,0.02,0.08,1.0,0,0.13,0.13,0.13,0.12,0.14,0.15000000000000002,0.12,0.08
main:2047-09-11,main,0,1,q0,2047-09-11,Wednesday,jev-1.13.0,Tuesday,0.15000000000000002,0.15000000000000002,0.0,0,0,1,0.02,>0.01,0.01,0.12,1.0,0,0.12,0.15000000000000002,0.12,0.11,0.13,0.13,0.12,0.12
main:2047-09-18,main,0,1,q0,2047-09-18,Wednesday,jev-1.13.0,Tuesday,0.13,0.14,0.01,1,0,1,0.01,<=0.01,0.01,0.12,1.0,0,0.12,0.13,0.14,0.12,0.13,0.13,0.11,0.12
main:2047-09-21,main,0,1,q0,2047-09-21,Saturday,jev-1.13.0,Tuesday,0.13,0.14,0.01,1,0,1,0.01,<=0.01,0.01,0.11,1.0,0,0.12,0.13,0.14,0.12,0.13,0.13,0.12,0.11
main:2047-10-13,main,0,1,q0,2047-10-13,Sunday,jev-1.13.0,Saturday,0.14,0.14,0.0,0,1,2,0.0,0 (exact tie),0.01,0.1,1.0,0,0.12,0.13,0.13,0.12,0.14,0.14,0.12,0.1
main:2047-11-06,main,0,1,q0,2047-11-06,Wednesday,jev-1.13.0,Friday,0.14,0.15000000000000002,0.01,1,0,1,0.01,<=0.01,0.02,0.09,1.0,0,0.12,0.13,0.13,0.12,0.14,0.15000000000000002,0.12,0.09
main:2047-12-02,main,0,1,q0,2047-12-02,Monday,jev-1.13.0,Tuesday,0.14,0.14,0.0,0,1,2,0.0,0 (exact tie),0.01,0.09,1.0,0,0.13,0.14,0.14,0.12,0.13,0.13,0.12,0.09
main:2047-12-15,main,0,1,q0,2047-12-15,Sunday,jev-1.13.0,Friday,0.14,0.14,0.0,0,0,1,0.01,<=0.01,0.02,0.1,1.0,0,0.13,0.13,0.13,0.12,0.14,0.13,0.12,0.1
main:2048-01-01,main,0,1,q0,2048-01-01,Wednesday,jev-1.13.0,Tuesday,0.15,0.15,0.0,0,1,2,0.0,0 (exact tie),0.04,0.06,1.0,0,0.13,0.15,0.14,0.12,0.14,0.15,0.11,0.06
main:2048-01-15,main,0,1,q0,2048-01-15,Wednesday,jev-1.13.0,Tuesday,0.15,0.15,0.0,0,0,1,0.01,<=0.01,0.03,0.06,1.0,0,0.14,0.15,0.14,0.12,0.13,0.14,0.12,0.06
main:2048-01-29,main,0,1,q0,2048-01-29,Wednesday,jev-1.13.0,Saturday,0.13999999999999999,0.14,0.0,0,1,4,0.0,0 (exact tie),0.03,0.07,1.0,0,0.14,0.13999999999999999,0.13,0.12,0.14,0.13999999999999999,0.12,0.07
main:2048-02-09,main,0,1,q0,2048-02-09,Sunday,jev-1.13.0,Tuesday,0.15000000000000002,0.15000000000000002,0.0,0,0,1,0.01,<=0.01,0.02,0.08,1.0,0,0.13,0.15000000000000002,0.13,0.11,0.13,0.14,0.13,0.08
main:2048-02-13,main,0,1,q0,2048-02-13,Thursday,jev-1.13.0,Tuesday,0.15,0.15,0.0,0,0,1,0.01,<=0.01,0.03,0.07,1.0,0,0.13,0.15,0.13,0.12,0.14,0.14,0.12,0.07
main:2048-02-20,main,0,1,q0,2048-02-20,Thursday,jev-1.13.0,Saturday,0.14,0.15000000000000002,0.01,1,0,1,0.01,<=0.01,0.02,0.07,1.0,0,0.14,0.15000000000000002,0.13,0.12,0.13,0.14,0.12,0.07
main:2048-04-17,main,0,1,q0,2048-04-17,Friday,jev-1.13.0,Saturday,0.15,0.15,0.0,0,0,1,0.01,<=0.01,0.03,0.07,1.0,0,0.13,0.14,0.13,0.12,0.14,0.15,0.12,0.07
main:2048-05-15,main,0,1,q0,2048-05-15,Friday,jev-1.13.0,Saturday,0.14,0.14,0.0,0,1,3,0.0,0 (exact tie),0.02,0.08,1.0,0,0.13,0.14,0.13,0.12,0.14,0.14,0.12,0.08
main:2048-07-04,main,0,1,q0,2048-07-04,Saturday,jev-1.13.0,Friday,0.15,0.15,0.0,0,1,2,0.0,0 (exact tie),0.03,0.06,1.0,0,0.13,0.14,0.13,0.12,0.15,0.15,0.12,0.06
main:2048-07-13,main,0,1,q0,2048-07-13,Monday,jev-1.13.0,Tuesday,0.13999999999999999,0.14,0.0,0,1,5,0.0,0 (exact tie),0.02,0.06,1.0,0,0.14,0.13999999999999999,0.14,0.12,0.14,0.13999999999999999,0.12,0.06
main:2048-07-17,main,0,1,q0,2048-07-17,Friday,jev-1.13.0,Saturday,0.15,0.15,0.0,0,0,1,0.01,<=0.01,0.02,0.07,1.0,0,0.13,0.14,0.13,0.12,0.14,0.15,0.12,0.07
main:2048-07-24,main,0,1,q0,2048-07-24,Friday,jev-1.13.0,Saturday,0.14,0.14,0.0,0,1,4,0.0,0 (exact tie),0.02,0.07,1.0,0,0.13,0.14,0.14,0.12,0.14,0.14,0.12,0.07
main:2048-10-26,main,0,1,q0,2048-10-26,Monday,jev-1.13.0,Saturday,0.14,0.14,0.0,0,1,3,0.0,0 (exact tie),0.02,0.08,1.0,0,0.13,0.14,0.13,0.12,0.14,0.14,0.12,0.08
main:2048-11-17,main,0,1,q0,2048-11-17,Tuesday,jev-1.13.0,Saturday,0.14,0.14,0.0,0,1,3,0.0,0 (exact tie),0.02,0.08,1.0,0,0.13,0.14,0.13,0.12,0.14,0.14,0.12,0.08
main:2048-12-01,main,0,1,q0,2048-12-01,Tuesday,jev-1.13.0,Tuesday,0.13,0.14,0.01,1,1,3,0.0,0 (exact tie),0.02,0.07,1.0,1,0.14,0.13,0.13,0.12,0.14,0.14,0.13,0.07
main:2049-03-03,main,0,1,q0,2049-03-03,Wednesday,jev-1.13.0,Tuesday,0.14,0.14,0.0,0,1,2,0.0,0 (exact tie),0.02,0.08,1.0,0,0.14,0.14,0.13,0.12,0.13,0.13,0.13,0.08
main:2049-03-23,main,0,1,q0,2049-03-23,Tuesday,jev-1.13.0,Tuesday,0.13,0.13,0.0,0,1,5,0.0,0 (exact tie),0.01,0.12,1.0,1,0.12,0.13,0.13,0.11,0.13,0.13,0.13,0.12
main:2049-05-16,main,0,1,q0,2049-05-16,Sunday,jev-1.13.0,Saturday,0.15000000000000002,0.15000000000000002,0.0,0,0,1,0.02,>0.01,0.01,0.1,1.0,0,0.12,0.13,0.13,0.12,0.13,0.15000000000000002,0.12,0.1
main:2049-05-31,main,0,1,q0,2049-05-31,Monday,jev-1.13.0,Saturday,0.15,0.15,0.0,0,0,1,0.01,<=0.01,0.03,0.07,1.0,0,0.14,0.13,0.13,0.12,0.14,0.15,0.12,0.07
main:2049-06-07,main,0,1,q0,2049-06-07,Monday,jev-1.13.0,Tuesday,0.14,0.14,0.0,0,1,2,0.0,0 (exact tie),0.01,0.09,1.0,0,0.13,0.14,0.13,0.12,0.13,0.14,0.12,0.09
main:2049-07-11,main,0,1,q0,2049-07-11,Sunday,jev-1.13.0,Tuesday,0.15000000000000002,0.15000000000000002,0.0,0,0,1,0.02,>0.01,0.02,0.09,1.0,0,0.13,0.15000000000000002,0.13,0.12,0.13,0.13,0.12,0.09
main:2049-07-13,main,0,1,q0,2049-07-13,Tuesday,jev-1.13.0,Saturday,0.14,0.14,0.0,0,1,2,0.0,0 (exact tie),0.01,0.09,1.0,0,0.14,0.13,0.13,0.12,0.13,0.14,0.12,0.09
main:2049-09-14,main,0,1,q0,2049-09-14,Tuesday,jev-1.13.0,Wednesday,0.13,0.13,0.0,0,1,4,0.0,0 (exact tie),0.0,0.12,1.0,0,0.12,0.13,0.13,0.12,0.13,0.13,0.12,0.12
main:2049-09-26,main,0,1,q0,2049-09-26,Sunday,jev-1.13.0,Saturday,0.14,0.14,0.0,0,0,1,0.01,<=0.01,0.01,0.09,1.0,0,0.13,0.13,0.13,0.13,0.13,0.14,0.12,0.09
main:2049-10-16,main,0,1,q0,2049-10-16,Saturday,jev-1.13.0,Saturday,0.15000000000000002,0.15000000000000002,0.0,0,0,1,0.02,>0.01,0.01,0.1,1.0,1,0.13,0.13,0.13,0.12,0.13,0.15000000000000002,0.11,0.1
main:2049-11-30,main,0,1,q0,2049-11-30,Tuesday,jev-1.13.0,Friday,0.14,0.14,0.0,0,1,3,0.0,0 (exact tie),0.02,0.08,1.0,0,0.14,0.13,0.13,0.12,0.14,0.14,0.12,0.08
main:2050-03-16,main,0,1,q0,2050-03-16,Wednesday,jev-1.13.0,Tuesday,0.14,0.14,0.0,0,1,2,0.0,0 (exact tie),0.02,0.08,1.0,0,0.13,0.14,0.13,0.13,0.13,0.14,0.12,0.08
main:2050-04-06,main,0,1,q0,2050-04-06,Wednesday,jev-1.13.0,Saturday,0.14,0.14,0.0,0,1,2,0.0,0 (exact tie),0.02,0.08,1.0,0,0.13,0.14,0.13,0.13,0.13,0.14,0.12,0.08
main:2050-05-01,main,0,1,q0,2050-05-01,Sunday,jev-1.13.0,Saturday,0.15000000000000002,0.15000000000000002,0.0,0,0,1,0.02,>0.01,0.02,0.09,1.0,0,0.13,0.13,0.13,0.12,0.13,0.15000000000000002,0.12,0.09
main:2050-05-19,main,0,1,q0,2050-05-19,Thursday,jev-1.13.0,Saturday,0.14,0.15000000000000002,0.01,1,0,1,0.01,<=0.01,0.02,0.07,1.0,0,0.13,0.14,0.15000000000000002,0.12,0.13,0.14,0.12,0.07
main:2050-05-28,main,0,1,q0,2050-05-28,Saturday,jev-1.13.0,Saturday,0.13999999999999999,0.15,0.01,1,0,1,0.01,<=0.01,0.03,0.08,1.0,1,0.13,0.13,0.13,0.12,0.15,0.13999999999999999,0.12,0.08
main:2050-06-29,main,0,1,q0,2050-06-29,Wednesday,jev-1.13.0,Saturday,0.15,0.15,0.0,0,0,1,0.01,<=0.01,0.02,0.08,1.0,0,0.13,0.13,0.13,0.12,0.14,0.15,0.12,0.08
main:2050-07-12,main,0,1,q0,2050-07-12,Tuesday,jev-1.13.0,Monday,0.14,0.14,0.0,0,1,3,0.0,0 (exact tie),0.02,0.08,1.0,0,0.14,0.13,0.13,0.12,0.14,0.14,0.12,0.08
main:2050-09-10,main,0,1,q0,2050-09-10,Saturday,jev-1.13.0,Tuesday,0.14,0.14,0.0,0,1,2,0.0,0 (exact tie),0.01,0.09,1.0,0,0.13,0.14,0.13,0.12,0.14,0.13,0.12,0.09
main:2050-10-05,main,0,1,q0,2050-10-05,Wednesday,jev-1.13.0,Friday,0.14,0.14,0.0,0,1,2,0.0,0 (exact tie),0.02,0.08,1.0,0,0.13,0.13,0.13,0.13,0.14,0.14,0.12,0.08
main:2050-11-06,main,0,1,q0,2050-11-06,Sunday,jev-1.13.0,Saturday,0.14,0.14,0.0,0,1,2,0.0,0 (exact tie),0.02,0.09,1.0,0,0.13,0.13,0.13,0.12,0.14,0.14,0.12,0.09
main:2050-11-25,main,0,1,q0,2050-11-25,Friday,jev-1.13.0,Saturday,0.13999999999999999,0.14,0.0,0,1,2,0.0,0 (exact tie),0.03,0.08,1.0,0,0.12,0.13,0.13,0.13,0.14,0.13999999999999999,0.13,0.08
main:2050-12-31,main,0,1,q0,2050-12-31,Saturday,jev-1.13.0,Saturday,0.14,0.14,0.0,0,1,2,0.0,0 (exact tie),0.01,0.08,1.0,1,0.13,0.14,0.13,0.12,0.13,0.14,0.13,0.08
main:2051-01-08,main,0,1,q0,2051-01-08,Sunday,jev-1.13.0,Tuesday,0.15,0.15,0.0,0,0,1,0.01,<=0.01,0.02,0.06,1.0,0,0.14,0.15,0.14,0.12,0.12,0.14,0.13,0.06
main:2051-02-21,main,0,1,q0,2051-02-21,Tuesday,jev-1.13.0,Friday,0.14,0.14,0.0,0,0,1,0.01,<=0.01,0.01,0.1,1.0,0,0.13,0.13,0.13,0.12,0.14,0.13,0.12,0.1
main:2051-04-12,main,0,1,q0,2051-04-12,Wednesday,jev-1.13.0,Tuesday,0.14,0.14,0.0,0,1,2,0.0,0 (exact tie),0.01,0.09,1.0,0,0.13,0.14,0.13,0.12,0.14,0.13,0.12,0.09
main:2051-04-22,main,0,1,q0,2051-04-22,Saturday,jev-1.13.0,Saturday,0.14,0.14,0.0,0,0,1,0.01,<=0.01,0.01,0.09,1.0,1,0.13,0.13,0.13,0.12,0.13,0.14,0.13,0.09
main:2051-07-12,main,0,1,q0,2051-07-12,Wednesday,jev-1.13.0,Tuesday,0.15000000000000002,0.15000000000000002,0.0,0,0,1,0.02,>0.01,0.01,0.09,1.0,0,0.13,0.15000000000000002,0.13,0.12,0.13,0.13,0.12,0.09
main:2051-07-19,main,0,1,q0,2051-07-19,Wednesday,jev-1.13.0,Saturday,0.14,0.14,0.0,0,1,3,0.0,0 (exact tie),0.02,0.07,1.0,0,0.13,0.14,0.14,0.13,0.13,0.14,0.12,0.07
main:2051-07-22,main,0,1,q0,2051-07-22,Saturday,jev-1.13.0,Saturday,0.13,0.14,0.01,1,0,1,0.01,<=0.01,0.01,0.1,1.0,1,0.13,0.13,0.14,0.12,0.13,0.13,0.12,0.1
main:2051-10-04,main,0,1,q0,2051-10-04,Wednesday,jev-1.13.0,Saturday,0.14,0.14,0.0,0,0,1,0.01,<=0.01,0.01,0.09,1.0,0,0.13,0.13,0.13,0.13,0.13,0.14,0.12,0.09
main:2052-02-08,main,0,1,q0,2052-02-08,Thursday,jev-1.13.0,Saturday,0.14,0.15000000000000002,0.01,1,0,1,0.01,<=0.01,0.02,0.09,1.0,0,0.13,0.15000000000000002,0.13,0.11,0.13,0.14,0.12,0.09
main:2052-02-21,main,0,1,q0,2052-02-21,Wednesday,jev-1.13.0,Wednesday,0.14,0.14,0.0,0,0,1,0.01,<=0.01,0.01,0.09,1.0,1,0.13,0.13,0.14,0.12,0.13,0.13,0.13,0.09
main:2052-05-03,main,0,1,q0,2052-05-03,Friday,jev-1.13.0,Saturday,0.14,0.14,0.0,0,1,3,0.0,0 (exact tie),0.02,0.07,1.0,0,0.13,0.14,0.14,0.12,0.13,0.14,0.13,0.07
main:2052-05-08,main,0,1,q0,2052-05-08,Wednesday,jev-1.13.0,Tuesday,0.15000000000000002,0.15000000000000002,0.0,0,0,1,0.02,>0.01,0.02,0.09,1.0,0,0.13,0.15000000000000002,0.13,0.12,0.13,0.13,0.12,0.09
main:2052-05-31,main,0,1,q0,2052-05-31,Friday,jev-1.13.0,Saturday,0.13999999999999999,0.14,0.0,0,1,2,0.0,0 (exact tie),0.03,0.08,1.0,0,0.13,0.13,0.13,0.13,0.14,0.13999999999999999,0.12,0.08
main:2052-06-25,main,0,1,q0,2052-06-25,Tuesday,jev-1.13.0,Saturday,0.14,0.14,0.0,0,1,3,0.0,0 (exact tie),0.02,0.09,1.0,0,0.12,0.13,0.14,0.12,0.14,0.14,0.12,0.09
main:2052-07-15,main,0,1,q0,2052-07-15,Monday,jev-1.13.0,Tuesday,0.15000000000000002,0.15000000000000002,0.0,0,0,1,0.02,>0.01,0.01,0.09,1.0,0,0.13,0.15000000000000002,0.13,0.12,0.13,0.13,0.12,0.09
main:2052-09-17,main,0,1,q0,2052-09-17,Tuesday,jev-1.13.0,Tuesday,0.14,0.14,0.0,0,1,2,0.0,0 (exact tie),0.01,0.09,1.0,1,0.12,0.14,0.13,0.13,0.14,0.13,0.12,0.09
main:2052-09-27,main,0,1,q0,2052-09-27,Friday,jev-1.13.0,Friday,0.14,0.14,0.0,0,1,2,0.0,0 (exact tie),0.02,0.1,1.0,1,0.12,0.13,0.13,0.12,0.14,0.14,0.12,0.1
main:2052-10-02,main,0,1,q0,2052-10-02,Wednesday,jev-1.13.0,Tuesday,0.14,0.14,0.0,0,1,3,0.0,0 (exact tie),0.02,0.08,1.0,0,0.14,0.14,0.13,0.12,0.13,0.14,0.12,0.08
main:2052-10-05,main,0,1,q0,2052-10-05,Saturday,jev-1.13.0,Saturday,0.15000000000000002,0.15000000000000002,0.0,0,0,1,0.01,<=0.01,0.02,0.08,1.0,1,0.13,0.13,0.13,0.12,0.14,0.15000000000000002,0.12,0.08
main:2052-12-24,main,0,1,q0,2052-12-24,Tuesday,jev-1.13.0,Saturday,0.13999999999999999,0.14,0.0,0,1,2,0.0,0 (exact tie),0.03,0.07,1.0,0,0.13,0.13,0.13,0.13,0.14,0.13999999999999999,0.13,0.07
main:2053-02-08,main,0,1,q0,2053-02-08,Saturday,jev-1.13.0,Tuesday,0.15000000000000002,0.15000000000000002,0.0,0,0,1,0.02,>0.01,0.02,0.09,1.0,0,0.13,0.15000000000000002,0.13,0.11,0.13,0.13,0.13,0.09
main:2053-03-14,main,0,1,q0,2053-03-14,Friday,jev-1.13.0,Tuesday,0.15,0.15,0.0,0,0,1,0.01,<=0.01,0.02,0.1,1.0,0,0.12,0.15,0.14,0.12,0.13,0.13,0.11,0.1
main:2053-03-23,main,0,1,q0,2053-03-23,Sunday,jev-1.13.0,Saturday,0.14,0.15000000000000002,0.01,1,0,1,0.01,<=0.01,0.02,0.08,1.0,0,0.12,0.14,0.15000000000000002,0.12,0.13,0.14,0.12,0.08
main:2053-05-26,main,0,1,q0,2053-05-26,Monday,jev-1.13.0,Saturday,0.14,0.14,0.0,0,1,2,0.0,0 (exact tie),0.01,0.09,1.0,0,0.13,0.13,0.13,0.12,0.14,0.14,0.12,0.09
main:2053-05-30,main,0,1,q0,2053-05-30,Friday,jev-1.13.0,Saturday,0.13999999999999999,0.14,0.0,0,1,3,0.0,0 (exact tie),0.02,0.07,1.0,0,0.13,0.13,0.14,0.12,0.14,0.13999999999999999,0.13,0.07
main:2053-06-02,main,0,1,q0,2053-06-02,Monday,jev-1.13.0,Tuesday,0.16,0.16,0.0,0,0,1,0.02,>0.01,0.02,0.07,1.0,0,0.13,0.16,0.13,0.12,0.13,0.14,0.12,0.07
main:2053-06-19,main,0,1,q0,2053-06-19,Thursday,jev-1.13.0,Saturday,0.14,0.14,0.0,0,1,3,0.0,0 (exact tie),0.02,0.08,1.0,0,0.13,0.14,0.13,0.12,0.14,0.14,0.12,0.08
main:2053-06-21,main,0,1,q0,2053-06-21,Saturday,jev-1.13.0,Saturday,0.15000000000000002,0.15000000000000002,0.0,0,0,1,0.01,<=0.01,0.02,0.09,1.0,1,0.12,0.13,0.13,0.11,0.14,0.15000000000000002,0.13,0.09
main:2053-09-10,main,0,1,q0,2053-09-10,Wednesday,jev-1.13.0,Unknown,0.15000000000000002,0.15000000000000002,0.0,0,0,1,0.01,<=0.01,0.02,0.15000000000000002,1.0,0,0.11,0.14,0.12,0.11,0.13,0.12,0.12,0.15000000000000002
main:2053-09-28,main,0,1,q0,2053-09-28,Sunday,jev-1.13.0,Saturday,0.14,0.14,0.0,0,1,3,0.0,0 (exact tie),0.02,0.07,1.0,0,0.13,0.14,0.13,0.13,0.14,0.14,0.12,0.07
main:2053-10-12,main,0,1,q0,2053-10-12,Sunday,jev-1.13.0,Saturday,0.14,0.14,0.0,0,1,2,0.0,0 (exact tie),0.02,0.1,1.0,0,0.12,0.13,0.13,0.12,0.14,0.14,0.12,0.1
main:2053-11-04,main,0,1,q0,2053-11-04,Tuesday,jev-1.13.0,Tuesday,0.15000000000000002,0.15000000000000002,0.0,0,0,1,0.02,>0.01,0.01,0.09,1.0,1,0.13,0.15000000000000002,0.13,0.12,0.13,0.13,0.12,0.09
main:2053-11-14,main,0,1,q0,2053-11-14,Friday,jev-1.13.0,Tuesday,0.15000000000000002,0.15000000000000002,0.0,0,0,1,0.02,>0.01,0.02,0.09,1.0,0,0.13,0.15000000000000002,0.13,0.12,0.13,0.13,0.12,0.09
main:2053-12-19,main,0,1,q0,2053-12-19,Friday,jev-1.13.0,Saturday,0.15000000000000002,0.15000000000000002,0.0,0,0,1,0.01,<=0.01,0.02,0.09,1.0,0,0.12,0.13,0.13,0.12,0.14,0.15000000000000002,0.12,0.09
main:2053-12-21,main,0,1,q0,2053-12-21,Sunday,jev-1.13.0,Saturday,0.15000000000000002,0.15000000000000002,0.0,0,0,1,0.02,>0.01,0.02,0.1,1.0,0,0.12,0.12,0.13,0.12,0.13,0.15000000000000002,0.13,0.1
main:2054-01-27,main,0,1,q0,2054-01-27,Tuesday,jev-1.13.0,Saturday,0.14,0.14,0.0,0,1,4,0.0,0 (exact tie),0.02,0.07,1.0,0,0.14,0.14,0.14,0.12,0.13,0.14,0.12,0.07
main:2054-01-30,main,0,1,q0,2054-01-30,Friday,jev-1.13.0,Tuesday,0.14,0.14,0.0,0,1,3,0.0,0 (exact tie),0.02,0.07,1.0,0,0.14,0.14,0.13,0.13,0.13,0.14,0.12,0.07
main:2054-02-07,main,0,1,q0,2054-02-07,Saturday,jev-1.13.0,Tuesday,0.14,0.14,0.0,0,1,2,0.0,0 (exact tie),0.02,0.08,1.0,0,0.13,0.14,0.13,0.12,0.13,0.14,0.13,0.08
main:2054-02-14,main,0,1,q0,2054-02-14,Saturday,jev-1.13.0,Tuesday,0.15,0.15,0.0,0,0,1,0.01,<=0.01,0.03,0.07,1.0,0,0.13,0.15,0.13,0.12,0.14,0.14,0.12,0.07
main:2054-04-11,main,0,1,q0,2054-04-11,Saturday,jev-1.13.0,Tuesday,0.15000000000000002,0.15000000000000002,0.0,0,0,1,0.02,>0.01,0.02,0.1,1.0,0,0.12,0.15000000000000002,0.13,0.12,0.13,0.13,0.12,0.1
main:2054-04-22,main,0,1,q0,2054-04-22,Wednesday,jev-1.13.0,Saturday,0.14,0.14,0.0,0,1,2,0.0,0 (exact tie),0.02,0.09,1.0,0,0.13,0.13,0.14,0.12,0.13,0.14,0.12,0.09
main:2054-05-09,main,0,1,q0,2054-05-09,Saturday,jev-1.13.0,Tuesday,0.14,0.14,0.0,0,1,4,0.0,0 (exact tie),0.02,0.07,1.0,0,0.12,0.14,0.14,0.13,0.14,0.14,0.12,0.07
main:2054-06-22,main,0,1,q0,2054-06-22,Monday,jev-1.13.0,Saturday,0.14,0.14,0.0,0,1,2,0.0,0 (exact tie),0.02,0.1,1.0,0,0.13,0.13,0.13,0.11,0.14,0.14,0.12,0.1
main:2054-07-04,main,0,1,q0,2054-07-04,Saturday,jev-1.13.0,Tuesday,0.14,0.14,0.0,0,1,2,0.0,0 (exact tie),0.01,0.09,1.0,0,0.13,0.14,0.13,0.12,0.14,0.13,0.12,0.09
main:2054-07-26,main,0,1,q0,2054-07-26,Sunday,jev-1.13.0,Saturday,0.14,0.14,0.0,0,1,2,0.0,0 (exact tie),0.02,0.09,1.0,0,0.13,0.13,0.13,0.12,0.14,0.14,0.12,0.09
main:2054-07-27,main,0,1,q0,2054-07-27,Monday,jev-1.13.0,Saturday,0.14,0.14,0.0,0,1,3,0.0,0 (exact tie),0.02,0.08,1.0,0,0.13,0.14,0.13,0.12,0.14,0.14,0.12,0.08
main:2054-08-04,main,0,1,q0,2054-08-04,Tuesday,jev-1.13.0,Saturday,0.14,0.14,0.0,0,1,3,0.0,0 (exact tie),0.01,0.08,1.0,0,0.13,0.14,0.13,0.12,0.14,0.14,0.12,0.08
main:2054-08-12,main,0,1,q0,2054-08-12,Wednesday,jev-1.13.0,Friday,0.14,0.14,0.0,0,0,1,0.01,<=0.01,0.01,0.1,1.0,0,0.13,0.13,0.13,0.12,0.14,0.13,0.12,0.1
main:2054-09-26,main,0,1,q0,2054-09-26,Saturday,jev-1.13.0,Friday,0.15000000000000002,0.15000000000000002,0.0,0,0,1,0.01,<=0.01,0.02,0.1,1.0,0,0.12,0.13,0.14,0.11,0.15000000000000002,0.13,0.12,0.1
main:2054-10-24,main,0,1,q0,2054-10-24,Saturday,jev-1.13.0,Friday,0.13,0.14,0.01,1,0,1,0.01,<=0.01,0.01,0.1,1.0,0,0.13,0.13,0.14,0.12,0.13,0.13,0.12,0.1
main:2054-12-20,main,0,1,q0,2054-12-20,Sunday,jev-1.13.0,Saturday,0.14,0.14,0.0,0,1,2,0.0,0 (exact tie),0.02,0.09,1.0,0,0.13,0.13,0.13,0.12,0.14,0.14,0.12,0.09
main:2055-02-01,main,0,1,q0,2055-02-01,Monday,jev-1.13.0,Tuesday,0.14,0.14,0.0,0,0,1,0.01,<=0.01,0.02,0.11,1.0,0,0.13,0.14,0.12,0.12,0.13,0.13,0.12,0.11
main:2055-02-02,main,0,1,q0,2055-02-02,Tuesday,jev-1.13.0,Tuesday,0.14,0.14,0.0,0,0,1,0.01,<=0.01,0.02,0.09,1.0,1,0.13,0.14,0.13,0.12,0.13,0.13,0.13,0.09
main:2055-02-22,main,0,1,q0,2055-02-22,Monday,jev-1.13.0,Tuesday,0.14,0.14,0.0,0,1,3,0.0,0 (exact tie),0.02,0.08,1.0,0,0.13,0.14,0.13,0.12,0.14,0.14,0.12,0.08
main:2055-04-04,main,0,1,q0,2055-04-04,Sunday,jev-1.13.0,Tuesday,0.15000000000000002,0.15000000000000002,0.0,0,0,1,0.01,<=0.01,0.02,0.08,1.0,0,0.12,0.15000000000000002,0.13,0.12,0.13,0.14,0.13,0.08
main:2055-05-07,main,0,1,q0,2055-05-07,Friday,jev-1.13.0,Tuesday,0.13,0.14,0.01,1,1,2,0.0,0 (exact tie),0.02,0.09,1.0,0,0.12,0.13,0.13,0.13,0.14,0.14,0.12,0.09
main:2055-05-16,main,0,1,q0,2055-05-16,Sunday,jev-1.13.0,Saturday,0.15000000000000002,0.15000000000000002,0.0,0,0,1,0.02,>0.01,0.01,0.09,1.0,0,0.13,0.13,0.13,0.12,0.13,0.15000000000000002,0.12,0.09
main:2055-05-24,main,0,1,q0,2055-05-24,Monday,jev-1.13.0,Saturday,0.14,0.14,0.0,0,1,2,0.0,0 (exact tie),0.02,0.1,1.0,0,0.12,0.13,0.13,0.12,0.14,0.14,0.12,0.1
main:2055-06-13,main,0,1,q0,2055-06-13,Sunday,jev-1.13.0,Friday,0.14,0.14,0.0,0,0,1,0.01,<=0.01,0.01,0.1,1.0,0,0.13,0.13,0.13,0.12,0.14,0.13,0.12,0.1
main:2055-07-08,main,0,1,q0,2055-07-08,Thursday,jev-1.13.0,Friday,0.13,0.14,0.01,1,1,2,0.0,0 (exact tie),0.01,0.09,1.0,0,0.13,0.14,0.14,0.12,0.13,0.13,0.12,0.09
main:2055-07-14,main,0,1,q0,2055-07-14,Wednesday,jev-1.13.0,Tuesday,0.15000000000000002,0.15000000000000002,0.0,0,0,1,0.01,<=0.01,0.02,0.08,1.0,0,0.14,0.15000000000000002,0.13,0.12,0.13,0.13,0.12,0.08
main:2055-09-13,main,0,1,q0,2055-09-13,Monday,jev-1.13.0,Wednesday,0.14,0.14,0.0,0,0,1,0.01,<=0.01,0.01,0.11,1.0,0,0.12,0.13,0.14,0.12,0.13,0.13,0.12,0.11
main:2055-12-08,main,0,1,q0,2055-12-08,Wednesday,jev-1.13.0,Friday,0.14,0.14,0.0,0,1,2,0.0,0 (exact tie),0.01,0.09,1.0,0,0.13,0.13,0.14,0.12,0.14,0.13,0.12,0.09
main:2055-12-18,main,0,1,q0,2055-12-18,Saturday,jev-1.13.0,Friday,0.14,0.14,0.0,0,0,1,0.01,<=0.01,0.02,0.11,1.0,0,0.12,0.13,0.13,0.12,0.14,0.13,0.12,0.11
main:2055-12-21,main,0,1,q0,2055-12-21,Tuesday,jev-1.13.0,Saturday,0.15,0.15,0.0,0,0,1,0.02,>0.01,0.02,0.08,1.0,0,0.13,0.13,0.13,0.12,0.13,0.15,0.13,0.08
main:2056-01-14,main,0,1,q0,2056-01-14,Friday,jev-1.13.0,Monday,0.14,0.15000000000000002,0.01,1,0,1,0.01,<=0.01,0.02,0.08,1.0,0,0.14,0.15000000000000002,0.13,0.12,0.12,0.13,0.13,0.08
main:2056-01-29,main,0,1,q0,2056-01-29,Saturday,jev-1.13.0,Saturday,0.14,0.15000000000000002,0.01,1,0,1,0.01,<=0.01,0.02,0.08,1.0,1,0.13,0.13,0.15000000000000002,0.12,0.13,0.14,0.12,0.08
main:2056-02-11,main,0,1,q0,2056-02-11,Friday,jev-1.13.0,Tuesday,0.14,0.14,0.0,0,1,2,0.0,0 (exact tie),0.02,0.08,1.0,0,0.13,0.14,0.13,0.12,0.13,0.14,0.13,0.08
main:2056-02-19,main,0,1,q0,2056-02-19,Saturday,jev-1.13.0,Tuesday,0.14,0.15000000000000002,0.01,1,0,1,0.01,<=0.01,0.02,0.07,1.0,0,0.13,0.14,0.15000000000000002,0.12,0.13,0.14,0.12,0.07
main:2056-02-29,main,0,1,q0,2056-02-29,Tuesday,jev-1.13.0,Tuesday,0.14,0.15000000000000002,0.01,1,0,1,0.01,<=0.01,0.02,0.06,1.0,1,0.13,0.14,0.15000000000000002,0.13,0.13,0.14,0.12,0.06
main:2056-03-04,main,0,1,q0,2056-03-04,Saturday,jev-1.13.0,Tuesday,0.14,0.14,0.0,0,1,2,0.0,0 (exact tie),0.02,0.08,1.0,0,0.13,0.14,0.14,0.13,0.12,0.13,0.13,0.08
main:2056-04-19,main,0,1,q0,2056-04-19,Wednesday,jev-1.13.0,Saturday,0.16,0.16,0.0,0,0,1,0.03,>0.01,0.03,0.08,1.0,0,0.13,0.13,0.13,0.12,0.13,0.16,0.12,0.08
main:2056-04-23,main,0,1,q0,2056-04-23,Sunday,jev-1.13.0,Saturday,0.15000000000000002,0.15000000000000002,0.0,0,0,1,0.02,>0.01,0.02,0.09,1.0,0,0.13,0.13,0.13,0.12,0.13,0.15000000000000002,0.12,0.09
main:2056-04-29,main,0,1,q0,2056-04-29,Saturday,jev-1.13.0,Saturday,0.15000000000000002,0.15000000000000002,0.0,0,0,1,0.01,<=0.01,0.02,0.08,1.0,1,0.13,0.13,0.13,0.12,0.14,0.15000000000000002,0.12,0.08
main:2056-05-12,main,0,1,q0,2056-05-12,Friday,jev-1.13.0,Tuesday,0.14,0.14,0.0,0,0,1,0.01,<=0.01,0.02,0.09,1.0,0,0.13,0.14,0.13,0.12,0.13,0.13,0.13,0.09
main:2056-06-26,main,0,1,q0,2056-06-26,Monday,jev-1.13.0,Saturday,0.13,0.14,0.01,1,0,1,0.01,<=0.01,0.01,0.09,1.0,0,0.13,0.13,0.13,0.12,0.14,0.13,0.13,0.09
main:2056-07-09,main,0,1,q0,2056-07-09,Sunday,jev-1.13.0,Saturday,0.14,0.14,0.0,0,0,1,0.01,<=0.01,0.01,0.09,1.0,0,0.13,0.13,0.13,0.12,0.13,0.14,0.13,0.09
main:2056-10-19,main,0,1,q0,2056-10-19,Thursday,jev-1.13.0,Wednesday,0.14,0.14,0.0,0,0,1,0.01,<=0.01,0.01,0.1,1.0,0,0.13,0.13,0.14,0.12,0.13,0.13,0.12,0.1
main:2056-11-17,main,0,1,q0,2056-11-17,Friday,jev-1.13.0,Saturday,0.13999999999999999,0.14,0.0,0,1,2,0.0,0 (exact tie),0.02,0.09,1.0,0,0.13,0.13,0.13,0.12,0.14,0.13999999999999999,0.12,0.09
main:2056-11-29,main,0,1,q0,2056-11-29,Wednesday,jev-1.13.0,Saturday,0.13999999999999999,0.14,0.0,0,1,2,0.0,0 (exact tie),0.03,0.07,1.0,0,0.14,0.13,0.13,0.13,0.13,0.13999999999999999,0.13,0.07
main:2056-12-19,main,0,1,q0,2056-12-19,Tuesday,jev-1.13.0,Saturday,0.14,0.14,0.0,0,1,2,0.0,0 (exact tie),0.02,0.08,1.0,0,0.13,0.13,0.13,0.12,0.14,0.14,0.13,0.08
main:2057-01-17,main,0,1,q0,2057-01-17,Wednesday,jev-1.13.0,Tuesday,0.13,0.13,0.0,0,1,5,0.0,0 (exact tie),0.01,0.11,1.0,0,0.13,0.13,0.13,0.12,0.13,0.13,0.12,0.11
main:2057-02-13,main,0,1,q0,2057-02-13,Tuesday,jev-1.13.0,Friday,0.14,0.14,0.0,0,0,1,0.01,<=0.01,0.02,0.11,1.0,0,0.12,0.13,0.13,0.12,0.14,0.13,0.12,0.11
main:2057-04-16,main,0,1,q0,2057-04-16,Monday,jev-1.13.0,Tuesday,0.14,0.14,0.0,0,1,2,0.0,0 (exact tie),0.02,0.1,1.0,0,0.12,0.14,0.13,0.12,0.14,0.13,0.12,0.1
main:2057-05-15,main,0,1,q0,2057-05-15,Tuesday,jev-1.13.0,Wednesday,0.14,0.14,0.0,0,0,1,0.01,<=0.01,0.01,0.1,1.0,0,0.12,0.13,0.14,0.13,0.13,0.13,0.12,0.1
main:2057-05-17,main,0,1,q0,2057-05-17,Thursday,jev-1.13.0,Saturday,0.15000000000000002,0.15000000000000002,0.0,0,0,1,0.02,>0.01,0.02,0.09,1.0,0,0.13,0.13,0.13,0.12,0.13,0.15000000000000002,0.12,0.09
main:2057-05-24,main,0,1,q0,2057-05-24,Thursday,jev-1.13.0,Saturday,0.15000000000000002,0.15000000000000002,0.0,0,0,1,0.01,<=0.01,0.02,0.09,1.0,0,0.12,0.13,0.13,0.12,0.14,0.15000000000000002,0.12,0.09
main:2057-05-30,main,0,1,q0,2057-05-30,Wednesday,jev-1.13.0,Saturday,0.15000000000000002,0.15000000000000002,0.0,0,0,1,0.01,<=0.01,0.02,0.08,1.0,0,0.13,0.13,0.13,0.12,0.14,0.15000000000000002,0.12,0.08
main:2057-06-02,main,0,1,q0,2057-06-02,Saturday,jev-1.13.0,Tuesday,0.15000000000000002,0.15000000000000002,0.0,0,0,1,0.02,>0.01,0.01,0.09,1.0,0,0.13,0.15000000000000002,0.13,0.12,0.13,0.13,0.12,0.09
main:2057-06-18,main,0,1,q0,2057-06-18,Monday,jev-1.13.0,Saturday,0.14,0.14,0.0,0,1,3,0.0,0 (exact tie),0.01,0.09,1.0,0,0.12,0.13,0.14,0.12,0.14,0.14,0.12,0.09
main:2057-06-29,main,0,1,q0,2057-06-29,Friday,jev-1.13.0,Saturday,0.14,0.14,0.0,0,1,3,0.0,0 (exact tie),0.02,0.08,1.0,0,0.13,0.14,0.13,0.12,0.14,0.14,0.12,0.08
main:2057-07-09,main,0,1,q0,2057-07-09,Monday,jev-1.13.0,Wednesday,0.14,0.14,0.0,0,1,2,0.0,0 (exact tie),0.01,0.08,1.0,0,0.13,0.13,0.14,0.12,0.13,0.14,0.13,0.08
main:2057-09-18,main,0,1,q0,2057-09-18,Tuesday,jev-1.13.0,Friday,0.14,0.14,0.0,0,0,1,0.01,<=0.01,0.01,0.12,1.0,0,0.12,0.13,0.13,0.11,0.14,0.13,0.12,0.12
main:2057-10-05,main,0,1,q0,2057-10-05,Friday,jev-1.13.0,Friday,0.15000000000000002,0.15000000000000002,0.0,0,0,1,0.02,>0.01,0.02,0.1,1.0,1,0.12,0.13,0.13,0.12,0.15000000000000002,0.13,0.12,0.1
main:2057-10-18,main,0,1,q0,2057-10-18,Thursday,jev-1.13.0,Saturday,0.15000000000000002,0.15000000000000002,0.0,0,0,1,0.01,<=0.01,0.01,0.11,1.0,0,0.12,0.14,0.12,0.12,0.13,0.15000000000000002,0.11,0.11
main:2058-02-19,main,0,1,q0,2058-02-19,Tuesday,jev-1.13.0,Saturday,0.15000000000000002,0.15000000000000002,0.0,0,0,1,0.02,>0.01,0.01,0.09,1.0,0,0.13,0.13,0.13,0.12,0.13,0.15000000000000002,0.12,0.09
main:2058-02-26,main,0,1,q0,2058-02-26,Tuesday,jev-1.13.0,Wednesday,0.13,0.14,0.01,1,1,2,0.0,0 (exact tie),0.01,0.09,1.0,0,0.13,0.13,0.13,0.12,0.14,0.14,0.12,0.09
main:2058-03-18,main,0,1,q0,2058-03-18,Monday,jev-1.13.0,Tuesday,0.13,0.13,0.0,0,1,4,0.0,0 (exact tie),0.01,0.12,1.0,0,0.13,0.13,0.12000000000000001,0.12,0.13,0.13,0.12,0.12
main:2058-04-10,main,0,1,q0,2058-04-10,Wednesday,jev-1.13.0,Wednesday,0.14,0.14,0.0,0,0,1,0.01,<=0.01,0.01,0.1,1.0,1,0.13,0.13,0.14,0.12,0.13,0.13,0.12,0.1
main:2058-04-25,main,0,1,q0,2058-04-25,Thursday,jev-1.13.0,Saturday,0.14,0.14,0.0,0,1,3,0.0,0 (exact tie),0.02,0.09,1.0,0,0.12,0.14,0.13,0.12,0.14,0.14,0.12,0.09
main:2058-05-24,main,0,1,q0,2058-05-24,Friday,jev-1.13.0,Saturday,0.14,0.14,0.0,0,1,2,0.0,0 (exact tie),0.02,0.1,1.0,0,0.12,0.13,0.13,0.12,0.14,0.14,0.12,0.1
main:2058-06-27,main,0,1,q0,2058-06-27,Thursday,jev-1.13.0,Saturday,0.14,0.14,0.0,0,1,2,0.0,0 (exact tie),0.02,0.09,1.0,0,0.13,0.13,0.13,0.12,0.14,0.14,0.12,0.09
main:2058-06-30,main,0,1,q0,2058-06-30,Sunday,jev-1.13.0,Friday,0.14,0.15000000000000002,0.01,1,0,1,0.01,<=0.01,0.02,0.08,1.0,0,0.13,0.13,0.13,0.12,0.14,0.15000000000000002,0.12,0.08
main:2058-07-04,main,0,1,q0,2058-07-04,Thursday,jev-1.13.0,Saturday,0.14,0.14,0.0,0,1,2,0.0,0 (exact tie),0.01,0.08,1.0,0,0.13,0.13,0.13,0.13,0.14,0.14,0.12,0.08
main:2058-08-05,main,0,1,q0,2058-08-05,Monday,jev-1.13.0,Saturday,0.14,0.14,0.0,0,1,2,0.0,0 (exact tie),0.02,0.09,1.0,0,0.13,0.13,0.13,0.12,0.14,0.14,0.12,0.09
main:2058-08-09,main,0,1,q0,2058-08-09,Friday,jev-1.13.0,Saturday,0.14,0.14,0.0,0,0,1,0.01,<=0.01,0.01,0.1,1.0,0,0.13,0.13,0.13,0.11,0.13,0.14,0.13,0.1
main:2058-08-25,main,0,1,q0,2058-08-25,Sunday,jev-1.13.0,Friday,0.14,0.14,0.0,0,0,1,0.01,<=0.01,0.02,0.1,1.0,0,0.13,0.13,0.13,0.12,0.14,0.13,0.12,0.1
main:2058-08-29,main,0,1,q0,2058-08-29,Thursday,jev-1.13.0,Friday,0.15000000000000002,0.15000000000000002,0.0,0,0,1,0.02,>0.01,0.01,0.09,1.0,0,0.13,0.13,0.13,0.12,0.15000000000000002,0.13,0.12,0.09
main:2058-09-02,main,0,1,q0,2058-09-02,Monday,jev-1.13.0,Tuesday,0.14,0.14,0.0,0,1,2,0.0,0 (exact tie),0.02,0.09,1.0,0,0.13,0.14,0.13,0.12,0.14,0.13,0.12,0.09
main:2058-11-21,main,0,1,q0,2058-11-21,Thursday,jev-1.13.0,Saturday,0.15000000000000002,0.15000000000000002,0.0,0,0,1,0.02,>0.01,0.01,0.09,1.0,0,0.13,0.13,0.13,0.12,0.13,0.15000000000000002,0.12,0.09
main:2058-12-01,main,0,1,q0,2058-12-01,Sunday,jev-1.13.0,Tuesday,0.13,0.14,0.01,1,0,1,0.01,<=0.01,0.01,0.1,1.0,0,0.13,0.13,0.14,0.12,0.13,0.13,0.12,0.1
main:2058-12-30,main,0,1,q0,2058-12-30,Monday,jev-1.13.0,Saturday,0.16,0.16,0.0,0,0,1,0.02,>0.01,0.02,0.06,1.0,0,0.14,0.13,0.13,0.12,0.13,0.16,0.13,0.06
main:2059-01-02,main,0,1,q0,2059-01-02,Thursday,jev-1.13.0,Monday,0.15,0.15,0.0,0,0,1,0.01,<=0.01,0.03,0.07,1.0,0,0.15,0.13999999999999999,0.13,0.12,0.12,0.14,0.13,0.07
main:2059-01-07,main,0,1,q0,2059-01-07,Tuesday,jev-1.13.0,Sunday,0.15,0.15,0.0,0,1,2,0.0,0 (exact tie),0.03,0.06,1.0,0,0.15,0.14,0.13,0.12,0.11,0.14,0.15,0.06
main:2059-03-07,main,0,1,q0,2059-03-07,Friday,jev-1.13.0,Tuesday,0.14,0.15000000000000002,0.01,1,0,1,0.01,<=0.01,0.02,0.08,1.0,0,0.13,0.14,0.15000000000000002,0.12,0.13,0.13,0.12,0.08
main:2059-03-08,main,0,1,q0,2059-03-08,Saturday,jev-1.13.0,Wednesday,0.14,0.14,0.0,0,1,2,0.0,0 (exact tie),0.02,0.1,1.0,0,0.13,0.14,0.14,0.12,0.13,0.12,0.12,0.1
main:2059-03-12,main,0,1,q0,2059-03-12,Wednesday,jev-1.13.0,Tuesday,0.14,0.14,0.0,0,0,1,0.01,<=0.01,0.02,0.11,1.0,0,0.13,0.14,0.13,0.12,0.13,0.13,0.11,0.11
main:2059-03-26,main,0,1,q0,2059-03-26,Wednesday,jev-1.13.0,Saturday,0.15000000000000002,0.15000000000000002,0.0,0,1,2,0.0,0 (exact tie),0.01,0.08,1.0,0,0.12,0.15000000000000002,0.13,0.12,0.13,0.15000000000000002,0.12,0.08
main:2059-03-31,main,0,1,q0,2059-03-31,Monday,jev-1.13.0,Saturday,0.15000000000000002,0.15000000000000002,0.0,0,0,1,0.01,<=0.01,0.02,0.08,1.0,0,0.13,0.13,0.14,0.12,0.13,0.15000000000000002,0.12,0.08
main:2059-04-24,main,0,1,q0,2059-04-24,Thursday,jev-1.13.0,Saturday,0.15000000000000002,0.15000000000000002,0.0,0,0,1,0.01,<=0.01,0.02,0.09,1.0,0,0.12,0.13,0.13,0.13,0.14,0.15000000000000002,0.11,0.09
main:2059-05-11,main,0,1,q0,2059-05-11,Sunday,jev-1.13.0,Tuesday,0.14,0.15000000000000002,0.01,1,0,1,0.01,<=0.01,0.02,0.08,1.0,0,0.13,0.14,0.15000000000000002,0.12,0.13,0.13,0.12,0.08
main:2059-09-15,main,0,1,q0,2059-09-15,Monday,jev-1.13.0,Friday,0.14,0.14,0.0,0,1,2,0.0,0 (exact tie),0.02,0.1,1.0,0,0.12,0.14,0.13,0.12,0.14,0.13,0.12,0.1
main:2059-09-18,main,0,1,q0,2059-09-18,Thursday,jev-1.13.0,Unknown,0.13,0.13,0.0,0,1,5,0.0,0 (exact tie),0.01,0.13,1.0,0,0.12,0.13,0.13,0.11,0.13,0.13,0.12,0.13
main:2059-10-17,main,0,1,q0,2059-10-17,Friday,jev-1.13.0,Friday,0.14,0.15000000000000002,0.01,1,0,1,0.01,<=0.01,0.02,0.09,1.0,1,0.12,0.13,0.13,0.12,0.14,0.15000000000000002,0.12,0.09
main:2059-10-20,main,0,1,q0,2059-10-20,Monday,jev-1.13.0,Friday,0.14,0.14,0.0,0,0,1,0.01,<=0.01,0.01,0.1,1.0,0,0.13,0.13,0.13,0.12,0.14,0.13,0.12,0.1
main:2059-11-22,main,0,1,q0,2059-11-22,Saturday,jev-1.13.0,Saturday,0.15000000000000002,0.15000000000000002,0.0,0,0,1,0.02,>0.01,0.02,0.08,1.0,1,0.13,0.13,0.13,0.13,0.13,0.15000000000000002,0.12,0.08
main:2059-12-11,main,0,1,q0,2059-12-11,Thursday,jev-1.13.0,Tuesday,0.14,0.14,0.0,0,1,2,0.0,0 (exact tie),0.02,0.09,1.0,0,0.13,0.14,0.13,0.12,0.14,0.13,0.12,0.09
main:2059-12-21,main,0,1,q0,2059-12-21,Sunday,jev-1.13.0,Saturday,0.15000000000000002,0.15000000000000002,0.0,0,0,1,0.02,>0.01,0.02,0.09,1.0,0,0.13,0.12,0.13,0.12,0.13,0.15000000000000002,0.13,0.09
main:2060-01-12,main,0,1,q0,2060-01-12,Monday,jev-1.13.0,Tuesday,0.14,0.15000000000000002,0.01,1,0,1,0.01,<=0.01,0.02,0.07,1.0,0,0.13,0.14,0.15000000000000002,0.12,0.13,0.14,0.12,0.07
main:2060-01-23,main,0,1,q0,2060-01-23,Friday,jev-1.13.0,Saturday,0.14,0.14,0.0,0,1,3,0.0,0 (exact tie),0.02,0.08,1.0,0,0.13,0.14,0.14,0.12,0.13,0.14,0.12,0.08
main:2060-01-26,main,0,1,q0,2060-01-26,Monday,jev-1.13.0,Saturday,0.13999999999999999,0.14,0.0,0,1,3,0.0,0 (exact tie),0.02,0.07,1.0,0,0.14,0.14,0.13,0.13,0.13,0.13999999999999999,0.12,0.07
main:2060-02-06,main,0,1,q0,2060-02-06,Friday,jev-1.13.0,Saturday,0.14,0.14,0.0,0,1,2,0.0,0 (exact tie),0.02,0.08,1.0,0,0.13,0.13,0.13,0.12,0.14,0.14,0.13,0.08
main:2060-05-21,main,0,1,q0,2060-05-21,Friday,jev-1.13.0,Saturday,0.14,0.15000000000000002,0.01,1,0,1,0.01,<=0.01,0.02,0.08,1.0,0,0.12,0.15000000000000002,0.13,0.12,0.14,0.14,0.12,0.08
main:2060-05-29,main,0,1,q0,2060-05-29,Saturday,jev-1.13.0,Saturday,0.16,0.16,0.0,0,0,1,0.02,>0.01,0.03,0.06,1.0,1,0.13,0.14,0.13,0.12,0.14,0.16,0.12,0.06
main:2060-08-10,main,0,1,q0,2060-08-10,Tuesday,jev-1.13.0,Saturday,0.14,0.15000000000000002,0.01,1,0,1,0.01,<=0.01,0.02,0.08,1.0,0,0.13,0.15000000000000002,0.13,0.12,0.13,0.14,0.12,0.08
main:2060-08-28,main,0,1,q0,2060-08-28,Saturday,jev-1.13.0,Saturday,0.15,0.15,0.0,0,0,1,0.01,<=0.01,0.02,0.07,1.0,1,0.13,0.13,0.13,0.12,0.14,0.15,0.13,0.07
main:2060-09-07,main,0,1,q0,2060-09-07,Tuesday,jev-1.13.0,Saturday,0.14,0.14,0.0,0,1,2,0.0,0 (exact tie),0.02,0.08,1.0,0,0.13,0.13,0.13,0.12,0.14,0.14,0.13,0.08
main:2060-10-10,main,0,1,q0,2060-10-10,Sunday,jev-1.13.0,Friday,0.14,0.14,0.0,0,0,1,0.01,<=0.01,0.01,0.1,1.0,0,0.13,0.13,0.13,0.12,0.14,0.13,0.12,0.1
main:2060-11-14,main,0,1,q0,2060-11-14,Sunday,jev-1.13.0,Friday,0.14,0.15000000000000002,0.01,1,0,1,0.01,<=0.01,0.02,0.09,1.0,0,0.12,0.15000000000000002,0.13,0.12,0.14,0.14,0.11,0.09
main:2060-12-05,main,0,1,q0,2060-12-05,Sunday,jev-1.13.0,Tuesday,0.15000000000000002,0.15000000000000002,0.0,0,0,1,0.01,<=0.01,0.02,0.06,1.0,0,0.13,0.15000000000000002,0.13,0.13,0.14,0.14,0.12,0.06
main:2060-12-25,main,0,1,q0,2060-12-25,Saturday,jev-1.13.0,Saturday,0.16,0.16,0.0,0,0,1,0.03,>0.01,0.02,0.07,1.0,1,0.13,0.13,0.13,0.12,0.13,0.16,0.13,0.07
main:2061-01-09,main,0,1,q0,2061-01-09,Sunday,jev-1.13.0,Tuesday,0.14,0.14,0.0,0,1,4,0.0,0 (exact tie),0.02,0.07,1.0,0,0.14,0.14,0.14,0.12,0.13,0.14,0.12,0.07
main:2061-01-12,main,0,1,q0,2061-01-12,Wednesday,jev-1.13.0,Tuesday,0.15000000000000002,0.15000000000000002,0.0,0,0,1,0.02,>0.01,0.02,0.09,1.0,0,0.13,0.15000000000000002,0.13,0.12,0.13,0.13,0.12,0.09
main:2061-02-25,main,0,1,q0,2061-02-25,Friday,jev-1.13.0,Friday,0.14,0.14,0.0,0,1,3,0.0,0 (exact tie),0.02,0.09,1.0,1,0.12,0.14,0.14,0.12,0.14,0.13,0.12,0.09
main:2061-04-03,main,0,1,q0,2061-04-03,Sunday,jev-1.13.0,Tuesday,0.14,0.15000000000000002,0.01,1,0,1,0.01,<=0.01,0.02,0.08,1.0,0,0.12,0.14,0.15000000000000002,0.12,0.13,0.14,0.12,0.08
main:2061-05-01,main,0,1,q0,2061-05-01,Sunday,jev-1.13.0,Friday,0.14,0.14,0.0,0,0,1,0.01,<=0.01,0.01,0.1,1.0,0,0.13,0.13,0.13,0.12,0.14,0.13,0.12,0.1
main:2061-05-18,main,0,1,q0,2061-05-18,Wednesday,jev-1.13.0,Saturday,0.14,0.14,0.0,0,1,2,0.0,0 (exact tie),0.02,0.09,1.0,0,0.13,0.13,0.13,0.12,0.14,0.14,0.12,0.09
main:2061-05-23,main,0,1,q0,2061-05-23,Monday,jev-1.13.0,Friday,0.14,0.14,0.0,0,1,2,0.0,0 (exact tie),0.02,0.1,1.0,0,0.12,0.13,0.13,0.12,0.14,0.14,0.12,0.1
main:2061-06-08,main,0,1,q0,2061-06-08,Wednesday,jev-1.13.0,Saturday,0.14,0.14,0.0,0,1,2,0.0,0 (exact tie),0.02,0.08,1.0,0,0.13,0.13,0.13,0.13,0.14,0.14,0.12,0.08
main:2061-08-09,main,0,1,q0,2061-08-09,Tuesday,jev-1.13.0,Friday,0.14,0.14,0.0,0,0,1,0.01,<=0.01,0.01,0.1,1.0,0,0.13,0.13,0.13,0.12,0.14,0.13,0.12,0.1
main:2061-10-10,main,0,1,q0,2061-10-10,Monday,jev-1.13.0,Tuesday,0.14,0.14,0.0,0,1,2,0.0,0 (exact tie),0.01,0.1,1.0,0,0.12,0.14,0.14,0.12,0.13,0.13,0.12,0.1
main:2061-10-23,main,0,1,q0,2061-10-23,Sunday,jev-1.13.0,Friday,0.14,0.14,0.0,0,0,1,0.01,<=0.01,0.01,0.11,1.0,0,0.12,0.13,0.13,0.12,0.14,0.13,0.12,0.11
main:2061-11-22,main,0,1,q0,2061-11-22,Tuesday,jev-1.13.0,Saturday,0.14,0.14,0.0,0,1,2,0.0,0 (exact tie),0.02,0.08,1.0,0,0.13,0.13,0.13,0.13,0.14,0.14,0.12,0.08
main:2062-01-03,main,0,1,q0,2062-01-03,Tuesday,jev-1.13.0,Monday,0.14,0.15000000000000002,0.01,1,0,1,0.01,<=0.01,0.02,0.08,1.0,0,0.14,0.15000000000000002,0.13,0.12,0.12,0.13,0.13,0.08
main:2062-01-20,main,0,1,q0,2062-01-20,Friday,jev-1.13.0,Saturday,0.14,0.14,0.0,0,0,1,0.01,<=0.01,0.01,0.1,1.0,0,0.13,0.13,0.13,0.12,0.13,0.14,0.12,0.1
main:2062-02-19,main,0,1,q0,2062-02-19,Sunday,jev-1.13.0,Friday,0.14,0.14,0.0,0,1,2,0.0,0 (exact tie),0.02,0.09,1.0,0,0.13,0.13,0.13,0.12,0.14,0.14,0.12,0.09
main:2062-02-26,main,0,1,q0,2062-02-26,Sunday,jev-1.13.0,Friday,0.14,0.14,0.0,0,1,2,0.0,0 (exact tie),0.01,0.09,1.0,0,0.13,0.14,0.13,0.12,0.14,0.13,0.12,0.09
main:2062-03-22,main,0,1,q0,2062-03-22,Wednesday,jev-1.13.0,Tuesday,0.14,0.14,0.0,0,1,2,0.0,0 (exact tie),0.02,0.1,1.0,0,0.12,0.14,0.14,0.12,0.13,0.13,0.12,0.1
main:2062-04-08,main,0,1,q0,2062-04-08,Saturday,jev-1.13.0,Tuesday,0.14,0.14,0.0,0,1,2,0.0,0 (exact tie),0.02,0.09,1.0,0,0.13,0.14,0.13,0.12,0.13,0.14,0.12,0.09
main:2062-05-04,main,0,1,q0,2062-05-04,Thursday,jev-1.13.0,Wednesday,0.14,0.14,0.0,0,1,2,0.0,0 (exact tie),0.01,0.09,1.0,0,0.13,0.14,0.14,0.12,0.13,0.13,0.12,0.09
main:2062-06-17,main,0,1,q0,2062-06-17,Saturday,jev-1.13.0,Friday,0.14,0.14,0.0,0,1,2,0.0,0 (exact tie),0.02,0.09,1.0,0,0.13,0.13,0.13,0.12,0.14,0.14,0.12,0.09
main:2062-10-02,main,0,1,q0,2062-10-02,Monday,jev-1.13.0,Tuesday,0.15000000000000002,0.15000000000000002,0.0,0,0,1,0.02,>0.01,0.02,0.1,1.0,0,0.13,0.15000000000000002,0.12,0.11,0.13,0.13,0.13,0.1
main:2062-10-15,main,0,1,q0,2062-10-15,Sunday,jev-1.13.0,Friday,0.14,0.14,0.0,0,0,1,0.01,<=0.01,0.01,0.11,1.0,0,0.12,0.13,0.13,0.12,0.14,0.13,0.12,0.11
main:2062-10-23,main,0,1,q0,2062-10-23,Monday,jev-1.13.0,Friday,0.14,0.14,0.0,0,0,1,0.01,<=0.01,0.01,0.1,1.0,0,0.13,0.13,0.13,0.12,0.14,0.13,0.12,0.1
main:2062-10-28,main,0,1,q0,2062-10-28,Saturday,jev-1.13.0,Saturday,0.14,0.14,0.0,0,1,2,0.0,0 (exact tie),0.02,0.09,1.0,1,0.13,0.13,0.13,0.12,0.14,0.14,0.12,0.09
main:2062-11-20,main,0,1,q0,2062-11-20,Monday,jev-1.13.0,Saturday,0.14,0.14,0.0,0,1,2,0.0,0 (exact tie),0.01,0.1,1.0,0,0.13,0.14,0.12,0.12,0.13,0.14,0.12,0.1
main:2062-12-13,main,0,1,q0,2062-12-13,Wednesday,jev-1.13.0,Tuesday,0.13,0.14,0.01,1,0,1,0.01,<=0.01,0.01,0.1,1.0,0,0.13,0.13,0.13,0.12,0.14,0.13,0.12,0.1
main:2063-02-01,main,0,1,q0,2063-02-01,Thursday,jev-1.13.0,Monday,0.13,0.14,0.01,1,0,1,0.01,<=0.01,0.01,0.12,1.0,0,0.13,0.14,0.12,0.11,0.13,0.13,0.12,0.12
main:2063-02-06,main,0,1,q0,2063-02-06,Tuesday,jev-1.13.0,Tuesday,0.13,0.14,0.01,1,0,1,0.01,<=0.01,0.01,0.1,1.0,1,0.13,0.13,0.13,0.11,0.14,0.13,0.13,0.1
main:2063-03-15,main,0,1,q0,2063-03-15,Thursday,jev-1.13.0,Tuesday,0.14,0.14,0.0,0,0,1,0.01,<=0.01,0.02,0.11,1.0,0,0.12,0.14,0.13,0.12,0.13,0.13,0.12,0.11
main:2063-04-09,main,0,1,q0,2063-04-09,Monday,jev-1.13.0,Tuesday,0.13,0.14,0.01,1,0,1,0.01,<=0.01,0.02,0.09,1.0,0,0.13,0.13,0.13,0.12,0.13,0.14,0.13,0.09
main:2063-04-21,main,0,1,q0,2063-04-21,Saturday,jev-1.13.0,Saturday,0.14,0.14,0.0,0,1,2,0.0,0 (exact tie),0.02,0.11,1.0,1,0.11,0.13,0.13,0.12,0.14,0.14,0.12,0.11
main:2063-06-26,main,0,1,q0,2063-06-26,Tuesday,jev-1.13.0,Friday,0.14,0.14,0.0,0,1,3,0.0,0 (exact tie),0.02,0.08,1.0,0,0.13,0.14,0.13,0.12,0.14,0.14,0.12,0.08
main:2063-07-11,main,0,1,q0,2063-07-11,Wednesday,jev-1.13.0,Tuesday,0.13,0.13,0.0,0,1,4,0.0,0 (exact tie),0.01,0.13,1.0,0,0.12,0.13,0.12000000000000001,0.12,0.13,0.13,0.12,0.13
main:2063-08-13,main,0,1,q0,2063-08-13,Monday,jev-1.13.0,Tuesday,0.13,0.14,0.01,1,1,2,0.0,0 (exact tie),0.02,0.09,1.0,0,0.13,0.13,0.13,0.12,0.14,0.14,0.12,0.09
main:2063-09-22,main,0,1,q0,2063-09-22,Saturday,jev-1.13.0,Friday,0.13,0.13,0.0,0,1,4,0.0,0 (exact tie),0.01,0.12,1.0,0,0.12,0.13,0.13,0.12,0.13,0.13,0.12,0.12
main:2063-10-10,main,0,1,q0,2063-10-10,Wednesday,jev-1.13.0,Tuesday,0.15000000000000002,0.15000000000000002,0.0,0,0,1,0.01,<=0.01,0.01,0.12,1.0,0,0.11,0.15000000000000002,0.13,0.11,0.14,0.13,0.11,0.12
main:2063-12-05,main,0,1,q0,2063-12-05,Wednesday,jev-1.13.0,Wednesday,0.13,0.14,0.01,1,1,2,0.0,0 (exact tie),0.02,0.08,1.0,1,0.13,0.13,0.13,0.13,0.14,0.14,0.12,0.08
main:2064-01-03,main,0,1,q0,2064-01-03,Thursday,jev-1.13.0,Tuesday,0.16,0.16,0.0,0,0,1,0.01,<=0.01,0.03,0.05,1.0,0,0.15,0.16,0.14,0.12,0.12,0.14,0.12,0.05
main:2064-01-25,main,0,1,q0,2064-01-25,Friday,jev-1.13.0,Tuesday,0.15000000000000002,0.15000000000000002,0.0,0,1,2,0.0,0 (exact tie),0.02,0.07,1.0,0,0.13,0.15000000000000002,0.13,0.12,0.13,0.15000000000000002,0.12,0.07
main:2064-02-04,main,0,1,q0,2064-02-04,Monday,jev-1.13.0,Tuesday,0.14,0.14,0.0,0,1,2,0.0,0 (exact tie),0.02,0.08,1.0,0,0.13,0.14,0.13,0.13,0.13,0.14,0.12,0.08
main:2064-02-05,main,0,1,q0,2064-02-05,Tuesday,jev-1.13.0,Saturday,0.14,0.14,0.0,0,1,3,0.0,0 (exact tie),0.02,0.07,1.0,0,0.14,0.14,0.13,0.12,0.13,0.14,0.13,0.07
main:2064-02-13,main,0,1,q0,2064-02-13,Wednesday,jev-1.13.0,Saturday,0.15,0.15,0.0,0,0,1,0.01,<=0.01,0.02,0.07,1.0,0,0.13,0.14,0.13,0.12,0.14,0.15,0.12,0.07
main:2064-03-18,main,0,1,q0,2064-03-18,Tuesday,jev-1.13.0,Saturday,0.14,0.14,0.0,0,1,2,0.0,0 (exact tie),0.02,0.09,1.0,0,0.13,0.14,0.13,0.12,0.13,0.14,0.12,0.09
main:2064-04-04,main,0,1,q0,2064-04-04,Friday,jev-1.13.0,Tuesday,0.15000000000000002,0.15000000000000002,0.0,0,0,1,0.01,<=0.01,0.02,0.07,1.0,0,0.13,0.15000000000000002,0.13,0.12,0.13,0.14,0.13,0.07
main:2064-05-13,main,0,1,q0,2064-05-13,Tuesday,jev-1.13.0,Saturday,0.16,0.16,0.0,0,0,1,0.02,>0.01,0.03,0.05,1.0,0,0.13,0.14,0.14,0.13,0.13,0.16,0.12,0.05
main:2064-08-07,main,0,1,q0,2064-08-07,Thursday,jev-1.13.0,Saturday,0.16,0.16,0.0,0,0,1,0.02,>0.01,0.03,0.06,1.0,0,0.13,0.13,0.13,0.12,0.13,0.16,0.14,0.06
main:2064-08-14,main,0,1,q0,2064-08-14,Thursday,jev-1.13.0,Saturday,0.14,0.15000000000000002,0.01,1,0,1,0.01,<=0.01,0.02,0.06,1.0,0,0.13,0.14,0.15000000000000002,0.12,0.14,0.14,0.12,0.06
main:2064-09-30,main,0,1,q0,2064-09-30,Tuesday,jev-1.13.0,Saturday,0.13,0.14,0.01,1,0,1,0.01,<=0.01,0.02,0.08,1.0,0,0.13,0.13,0.13,0.13,0.14,0.13,0.13,0.08
main:2064-11-16,main,0,1,q0,2064-11-16,Sunday,jev-1.13.0,Saturday,0.16,0.16,0.0,0,0,1,0.02,>0.01,0.03,0.07,1.0,0,0.13,0.13,0.13,0.12,0.14,0.16,0.12,0.07
main:2064-11-28,main,0,1,q0,2064-11-28,Friday,jev-1.13.0,Saturday,0.15000000000000002,0.15000000000000002,0.0,0,0,1,0.01,<=0.01,0.02,0.06,1.0,0,0.14,0.13,0.13,0.13,0.13,0.15000000000000002,0.13,0.06
main:2064-12-06,main,0,1,q0,2064-12-06,Saturday,jev-1.13.0,Saturday,0.14,0.14,0.0,0,1,4,0.0,0 (exact tie),0.02,0.07,1.0,1,0.13,0.14,0.14,0.12,0.14,0.14,0.12,0.07
main:2064-12-07,main,0,1,q0,2064-12-07,Sunday,jev-1.13.0,Saturday,0.14,0.15000000000000002,0.01,1,0,1,0.01,<=0.01,0.02,0.07,1.0,0,0.13,0.13,0.15000000000000002,0.12,0.14,0.14,0.12,0.07
main:2065-01-19,main,0,1,q0,2065-01-19,Monday,jev-1.13.0,Tuesday,0.13,0.14,0.01,1,0,1,0.01,<=0.01,0.01,0.1,1.0,0,0.13,0.13,0.14,0.12,0.13,0.13,0.12,0.1
main:2065-02-09,main,0,1,q0,2065-02-09,Monday,jev-1.13.0,Tuesday,0.15000000000000002,0.15000000000000002,0.0,0,0,1,0.01,<=0.01,0.02,0.07,1.0,0,0.13,0.15000000000000002,0.14,0.12,0.13,0.13,0.13,0.07
main:2065-02-11,main,0,1,q0,2065-02-11,Wednesday,jev-1.13.0,Tuesday,0.15000000000000002,0.15000000000000002,0.0,0,0,1,0.01,<=0.01,0.02,0.1,1.0,0,0.12,0.15000000000000002,0.13,0.11,0.14,0.13,0.12,0.1
main:2065-03-04,main,0,1,q0,2065-03-04,Wednesday,jev-1.13.0,Tuesday,0.13999999999999999,0.13999999999999999,0.0,0,0,1,0.01,<=0.01,0.02,0.12,1.0,0,0.12,0.13999999999999999,0.13,0.12,0.12,0.13,0.12,0.12
main:2065-03-15,main,0,1,q0,2065-03-15,Sunday,jev-1.13.0,Tuesday,0.14,0.14,0.0,0,0,1,0.01,<=0.01,0.02,0.12,1.0,0,0.12,0.14,0.13,0.12,0.13,0.13,0.11,0.12
main:2065-05-26,main,0,1,q0,2065-05-26,Tuesday,jev-1.13.0,Saturday,0.15,0.15,0.0,0,0,1,0.01,<=0.01,0.02,0.08,1.0,0,0.13,0.13,0.13,0.12,0.14,0.15,0.12,0.08
main:2065-06-11,main,0,1,q0,2065-06-11,Thursday,jev-1.13.0,Tuesday,0.15000000000000002,0.15000000000000002,0.0,0,0,1,0.02,>0.01,0.02,0.09,1.0,0,0.13,0.15000000000000002,0.13,0.12,0.13,0.13,0.12,0.09
main:2065-06-13,main,0,1,q0,2065-06-13,Saturday,jev-1.13.0,Friday,0.14,0.14,0.0,0,1,2,0.0,0 (exact tie),0.02,0.1,1.0,0,0.12,0.14,0.13,0.12,0.14,0.13,0.12,0.1
main:2065-09-27,main,0,1,q0,2065-09-27,Sunday,jev-1.13.0,Saturday,0.14,0.14,0.0,0,1,2,0.0,0 (exact tie),0.01,0.09,1.0,0,0.13,0.13,0.13,0.12,0.14,0.14,0.12,0.09
main:2066-01-20,main,0,1,q0,2066-01-20,Wednesday,jev-1.13.0,Tuesday,0.14,0.14,0.0,0,1,2,0.0,0 (exact tie),0.02,0.08,1.0,0,0.14,0.14,0.13,0.12,0.13,0.13,0.13,0.08
main:2066-01-21,main,0,1,q0,2066-01-21,Thursday,jev-1.13.0,Wednesday,0.15000000000000002,0.15000000000000002,0.0,0,0,1,0.01,<=0.01,0.02,0.08,1.0,0,0.13,0.14,0.15000000000000002,0.12,0.13,0.13,0.12,0.08
main:2066-02-16,main,0,1,q0,2066-02-16,Tuesday,jev-1.13.0,Tuesday,0.14,0.14,0.0,0,0,1,0.01,<=0.01,0.01,0.1,1.0,1,0.13,0.14,0.13,0.12,0.13,0.13,0.12,0.1
main:2066-02-27,main,0,1,q0,2066-02-27,Saturday,jev-1.13.0,Friday,0.14,0.14,0.0,0,0,1,0.01,<=0.01,0.01,0.1,1.0,0,0.13,0.13,0.13,0.12,0.14,0.13,0.12,0.1
main:2066-03-10,main,0,1,q0,2066-03-10,Wednesday,jev-1.13.0,Tuesday,0.13999999999999999,0.13999999999999999,0.0,0,0,1,0.01,<=0.01,0.02,0.1,1.0,0,0.13,0.13999999999999999,0.13,0.12,0.13,0.13,0.12,0.1
main:2066-03-11,main,0,1,q0,2066-03-11,Thursday,jev-1.13.0,Tuesday,0.15,0.15,0.0,0,0,1,0.02,>0.01,0.03,0.11,1.0,0,0.12,0.15,0.13,0.12,0.13,0.13,0.11,0.11
main:2066-03-24,main,0,1,q0,2066-03-24,Wednesday,jev-1.13.0,Tuesday,0.14,0.14,0.0,0,1,2,0.0,0 (exact tie),0.02,0.1,1.0,0,0.12,0.14,0.14,0.12,0.13,0.13,0.12,0.1
main:2066-03-25,main,0,1,q0,2066-03-25,Thursday,jev-1.13.0,Tuesday,0.14,0.14,0.0,0,0,1,0.01,<=0.01,0.01,0.11,1.0,0,0.12,0.14,0.13,0.12,0.13,0.13,0.12,0.11
main:2066-04-03,main,0,1,q0,2066-04-03,Saturday,jev-1.13.0,Tuesday,0.13999999999999999,0.14,0.0,0,1,2,0.0,0 (exact tie),0.03,0.09,1.0,0,0.13,0.13999999999999999,0.14,0.12,0.13,0.13,0.12,0.09
main:2066-05-10,main,0,1,q0,2066-05-10,Monday,jev-1.13.0,Tuesday,0.14,0.14,0.0,0,1,2,0.0,0 (exact tie),0.02,0.09,1.0,0,0.13,0.14,0.13,0.12,0.14,0.13,0.12,0.09
main:2066-06-02,main,0,1,q0,2066-06-02,Wednesday,jev-1.13.0,Tuesday,0.14,0.14,0.0,0,0,1,0.01,<=0.01,0.01,0.11,1.0,0,0.13,0.14,0.13,0.11,0.13,0.13,0.12,0.11
main:2066-06-09,main,0,1,q0,2066-06-09,Wednesday,jev-1.13.0,Tuesday,0.14,0.14,0.0,0,1,3,0.0,0 (exact tie),0.01,0.08,1.0,0,0.13,0.14,0.14,0.12,0.13,0.14,0.12,0.08
main:2066-08-21,main,0,1,q0,2066-08-21,Saturday,jev-1.13.0,Saturday,0.13,0.14,0.01,1,0,1,0.01,<=0.01,0.01,0.1,1.0,1,0.13,0.13,0.13,0.12,0.14,0.13,0.12,0.1
main:2066-08-24,main,0,1,q0,2066-08-24,Tuesday,jev-1.13.0,Friday,0.14,0.14,0.0,0,0,1,0.01,<=0.01,0.01,0.11,1.0,0,0.13,0.13,0.13,0.12,0.14,0.13,0.11,0.11
main:2066-09-07,main,0,1,q0,2066-09-07,Tuesday,jev-1.13.0,Tuesday,0.13,0.14,0.01,1,0,1,0.01,<=0.01,0.01,0.12,1.0,1,0.13,0.13,0.14,0.11,0.13,0.12,0.12,0.12
main:2066-09-13,main,0,1,q0,2066-09-13,Monday,jev-1.13.0,Friday,0.14,0.14,0.0,0,0,1,0.01,<=0.01,0.01,0.1,1.0,0,0.13,0.13,0.13,0.12,0.14,0.13,0.12,0.1
main:2066-10-04,main,0,1,q0,2066-10-04,Monday,jev-1.13.0,Tuesday,0.15000000000000002,0.15000000000000002,0.0,0,0,1,0.02,>0.01,0.02,0.08,1.0,0,0.13,0.15000000000000002,0.13,0.13,0.13,0.13,0.12,0.08
main:2066-11-22,main,0,1,q0,2066-11-22,Monday,jev-1.13.0,Saturday,0.13,0.14,0.01,1,0,1,0.01,<=0.01,0.01,0.09,1.0,0,0.13,0.13,0.13,0.13,0.14,0.13,0.12,0.09
main:2066-11-25,main,0,1,q0,2066-11-25,Thursday,jev-1.13.0,Friday,0.14,0.14,0.0,0,1,2,0.0,0 (exact tie),0.02,0.08,1.0,0,0.13,0.13,0.13,0.13,0.14,0.14,0.12,0.08
main:2066-11-30,main,0,1,q0,2066-11-30,Tuesday,jev-1.13.0,Saturday,0.14,0.14,0.0,0,0,1,0.01,<=0.01,0.01,0.1,1.0,0,0.13,0.13,0.13,0.12,0.13,0.14,0.12,0.1
main:2066-12-10,main,0,1,q0,2066-12-10,Friday,jev-1.13.0,Monday,0.14,0.14,0.0,0,1,2,0.0,0 (exact tie),0.02,0.09,1.0,0,0.14,0.13,0.14,0.12,0.13,0.13,0.12,0.09
main:2067-02-22,main,0,1,q0,2067-02-22,Tuesday,jev-1.13.0,Tuesday,0.14,0.14,0.0,0,0,1,0.01,<=0.01,0.02,0.09,1.0,1,0.13,0.14,0.13,0.12,0.13,0.13,0.13,0.09
main:2067-03-19,main,0,1,q0,2067-03-19,Saturday,jev-1.13.0,Tuesday,0.15000000000000002,0.15000000000000002,0.0,0,1,2,0.0,0 (exact tie),0.02,0.08,1.0,0,0.12,0.15000000000000002,0.13,0.12,0.13,0.15000000000000002,0.12,0.08
main:2067-04-17,main,0,1,q0,2067-04-17,Sunday,jev-1.13.0,Tuesday,0.14,0.14,0.0,0,1,2,0.0,0 (exact tie),0.01,0.09,1.0,0,0.12,0.14,0.14,0.13,0.13,0.13,0.12,0.09
main:2067-06-28,main,0,1,q0,2067-06-28,Tuesday,jev-1.13.0,Saturday,0.14,0.14,0.0,0,1,2,0.0,0 (exact tie),0.02,0.09,1.0,0,0.13,0.13,0.13,0.12,0.14,0.14,0.12,0.09
main:2067-07-02,main,0,1,q0,2067-07-02,Saturday,jev-1.13.0,Tuesday,0.14,0.14,0.0,0,1,2,0.0,0 (exact tie),0.02,0.08,1.0,0,0.13,0.14,0.13,0.12,0.13,0.14,0.13,0.08
main:2067-07-11,main,0,1,q0,2067-07-11,Monday,jev-1.13.0,Tuesday,0.14,0.14,0.0,0,1,3,0.0,0 (exact tie),0.02,0.09,1.0,0,0.12,0.14,0.13,0.12,0.14,0.14,0.12,0.09
main:2067-09-21,main,0,1,q0,2067-09-21,Wednesday,jev-1.13.0,Tuesday,0.14,0.14,0.0,0,1,2,0.0,0 (exact tie),0.01,0.09,1.0,0,0.13,0.14,0.13,0.12,0.14,0.13,0.12,0.09
main:2067-10-31,main,0,1,q0,2067-10-31,Monday,jev-1.13.0,Saturday,0.13999999999999999,0.14,0.0,0,1,2,0.0,0 (exact tie),0.02,0.09,1.0,0,0.12,0.13,0.13,0.12,0.14,0.13999999999999999,0.13,0.09
main:2067-11-12,main,0,1,q0,2067-11-12,Saturday,jev-1.13.0,Tuesday,0.13,0.14,0.01,1,0,1,0.01,<=0.01,0.01,0.09,1.0,0,0.13,0.13,0.14,0.13,0.13,0.13,0.12,0.09
main:2067-12-10,main,0,1,q0,2067-12-10,Saturday,jev-1.13.0,Wednesday,0.14,0.14,0.0,0,1,2,0.0,0 (exact tie),0.01,0.09,1.0,0,0.13,0.14,0.14,0.12,0.13,0.13,0.12,0.09
main:2068-02-15,main,0,1,q0,2068-02-15,Wednesday,jev-1.13.0,Saturday,0.14,0.14,0.0,0,1,4,0.0,0 (exact tie),0.02,0.06,1.0,0,0.13,0.14,0.14,0.13,0.14,0.14,0.12,0.06
main:2068-04-24,main,0,1,q0,2068-04-24,Tuesday,jev-1.13.0,Saturday,0.15,0.15,0.0,0,0,1,0.01,<=0.01,0.03,0.07,1.0,0,0.12,0.14,0.13,0.13,0.14,0.15,0.12,0.07
main:2068-06-06,main,0,1,q0,2068-06-06,Wednesday,jev-1.13.0,Saturday,0.16,0.16,0.0,0,0,1,0.02,>0.01,0.03,0.06,1.0,0,0.13,0.14,0.13,0.12,0.14,0.16,0.12,0.06
main:2068-06-10,main,0,1,q0,2068-06-10,Sunday,jev-1.13.0,Tuesday,0.14,0.14,0.0,0,1,3,0.0,0 (exact tie),0.02,0.08,1.0,0,0.13,0.14,0.14,0.12,0.13,0.14,0.12,0.08
main:2068-06-11,main,0,1,q0,2068-06-11,Monday,jev-1.13.0,Tuesday,0.13999999999999999,0.14,0.0,0,1,4,0.0,0 (exact tie),0.02,0.08,1.0,0,0.12,0.13999999999999999,0.14,0.12,0.14,0.14,0.12,0.08
main:2068-06-14,main,0,1,q0,2068-06-14,Thursday,jev-1.13.0,Tuesday,0.14,0.14,0.0,0,1,4,0.0,0 (exact tie),0.02,0.07,1.0,0,0.13,0.14,0.14,0.12,0.14,0.14,0.12,0.07
main:2068-06-18,main,0,1,q0,2068-06-18,Monday,jev-1.13.0,Saturday,0.13999999999999999,0.14,0.0,0,1,3,0.0,0 (exact tie),0.02,0.09,1.0,0,0.12,0.14,0.13,0.12,0.14,0.13999999999999999,0.12,0.09
main:2068-07-05,main,0,1,q0,2068-07-05,Thursday,jev-1.13.0,Tuesday,0.14,0.14,0.0,0,1,4,0.0,0 (exact tie),0.02,0.07,1.0,0,0.14,0.14,0.14,0.12,0.13,0.14,0.12,0.07
main:2068-07-17,main,0,1,q0,2068-07-17,Tuesday,jev-1.13.0,Saturday,0.14,0.14,0.0,0,1,2,0.0,0 (exact tie),0.02,0.09,1.0,0,0.13,0.13,0.13,0.12,0.14,0.14,0.12,0.09
main:2068-07-19,main,0,1,q0,2068-07-19,Thursday,jev-1.13.0,Saturday,0.14,0.14,0.0,0,1,3,0.0,0 (exact tie),0.02,0.08,1.0,0,0.13,0.14,0.13,0.12,0.14,0.14,0.12,0.08
main:2068-08-22,main,0,1,q0,2068-08-22,Wednesday,jev-1.13.0,Saturday,0.14,0.14,0.0,0,1,2,0.0,0 (exact tie),0.02,0.08,1.0,0,0.13,0.13,0.13,0.12,0.14,0.14,0.13,0.08
main:2068-09-13,main,0,1,q0,2068-09-13,Thursday,jev-1.13.0,Friday,0.14,0.14,0.0,0,0,1,0.01,<=0.01,0.01,0.1,1.0,0,0.13,0.13,0.13,0.12,0.14,0.13,0.12,0.1
main:2068-09-19,main,0,1,q0,2068-09-19,Wednesday,jev-1.13.0,Tuesday,0.15000000000000002,0.15000000000000002,0.0,0,0,1,0.02,>0.01,0.02,0.08,1.0,0,0.13,0.15000000000000002,0.13,0.12,0.13,0.13,0.13,0.08
main:2068-11-05,main,0,1,q0,2068-11-05,Monday,jev-1.13.0,Tuesday,0.14,0.14,0.0,0,1,3,0.0,0 (exact tie),0.02,0.07,1.0,0,0.13,0.14,0.13,0.13,0.14,0.14,0.12,0.07
main:2068-12-01,main,0,1,q0,2068-12-01,Saturday,jev-1.13.0,Saturday,0.15000000000000002,0.15000000000000002,0.0,0,0,1,0.01,<=0.01,0.01,0.08,1.0,1,0.13,0.13,0.14,0.12,0.13,0.15000000000000002,0.12,0.08
main:2068-12-12,main,0,1,q0,2068-12-12,Wednesday,jev-1.13.0,Saturday,0.13999999999999999,0.14,0.0,0,1,3,0.0,0 (exact tie),0.02,0.08,1.0,0,0.13,0.14,0.13,0.12,0.14,0.13999999999999999,0.12,0.08
main:2068-12-17,main,0,1,q0,2068-12-17,Monday,jev-1.13.0,Saturday,0.15000000000000002,0.15000000000000002,0.0,0,0,1,0.02,>0.01,0.02,0.08,1.0,0,0.13,0.13,0.13,0.12,0.13,0.15000000000000002,0.13,0.08
main:2069-02-06,main,0,1,q0,2069-02-06,Wednesday,jev-1.13.0,Saturday,0.14,0.15000000000000002,0.01,1,0,1,0.01,<=0.01,0.02,0.07,1.0,0,0.13,0.15000000000000002,0.13,0.12,0.14,0.14,0.12,0.07
main:2069-03-09,main,0,1,q0,2069-03-09,Saturday,jev-1.13.0,Tuesday,0.13999999999999999,0.14,0.0,0,1,2,0.0,0 (exact tie),0.02,0.09,1.0,0,0.13,0.13999999999999999,0.14,0.12,0.13,0.13,0.12,0.09
main:2069-03-12,main,0,1,q0,2069-03-12,Tuesday,jev-1.13.0,Tuesday,0.13999999999999999,0.14,0.0,0,1,2,0.0,0 (exact tie),0.03,0.1,1.0,1,0.12,0.13999999999999999,0.14,0.12,0.13,0.13,0.12,0.1
main:2069-03-19,main,0,1,q0,2069-03-19,Tuesday,jev-1.13.0,Tuesday,0.15000000000000002,0.15000000000000002,0.0,0,0,1,0.02,>0.01,0.02,0.1,1.0,1,0.12,0.15000000000000002,0.13,0.12,0.13,0.13,0.12,0.1
main:2069-04-20,main,0,1,q0,2069-04-20,Saturday,jev-1.13.0,Tuesday,0.13,0.14,0.01,1,1,2,0.0,0 (exact tie),0.02,0.09,1.0,0,0.12,0.13,0.13,0.13,0.14,0.14,0.12,0.09
main:2069-05-09,main,0,1,q0,2069-05-09,Thursday,jev-1.13.0,Friday,0.14,0.15000000000000002,0.01,1,0,1,0.01,<=0.01,0.02,0.08,1.0,0,0.12,0.15000000000000002,0.13,0.12,0.14,0.14,0.12,0.08
main:2069-05-17,main,0,1,q0,2069-05-17,Friday,jev-1.13.0,Tuesday,0.14,0.15000000000000002,0.01,1,0,1,0.01,<=0.01,0.02,0.08,1.0,0,0.12,0.14,0.15000000000000002,0.13,0.13,0.13,0.12,0.08
main:2069-06-16,main,0,1,q0,2069-06-16,Sunday,jev-1.13.0,Tuesday,0.13,0.14,0.01,1,1,2,0.0,0 (exact tie),0.02,0.09,1.0,0,0.13,0.13,0.13,0.12,0.14,0.14,0.12,0.09
main:2069-07-10,main,0,1,q0,2069-07-10,Wednesday,jev-1.13.0,Tuesday,0.15000000000000002,0.15000000000000002,0.0,0,0,1,0.02,>0.01,0.02,0.09,1.0,0,0.13,0.15000000000000002,0.13,0.12,0.13,0.13,0.12,0.09
main:2069-08-05,main,0,1,q0,2069-08-05,Monday,jev-1.13.0,Tuesday,0.15000000000000002,0.15000000000000002,0.0,0,0,1,0.01,<=0.01,0.02,0.08,1.0,0,0.13,0.15000000000000002,0.13,0.12,0.13,0.14,0.12,0.08
main:2069-09-01,main,0,1,q0,2069-09-01,Sunday,jev-1.13.0,Friday,0.14,0.14,0.0,0,0,1,0.01,<=0.01,0.01,0.11,1.0,0,0.12,0.13,0.13,0.12,0.14,0.12,0.13,0.11
main:2069-09-27,main,0,1,q0,2069-09-27,Friday,jev-1.13.0,Friday,0.14,0.15000000000000002,0.01,1,0,1,0.01,<=0.01,0.01,0.09,1.0,1,0.12,0.13,0.13,0.12,0.14,0.15000000000000002,0.12,0.09
main:2069-10-03,main,0,1,q0,2069-10-03,Thursday,jev-1.13.0,Tuesday,0.15,0.15,0.0,0,0,1,0.02,>0.01,0.02,0.1,1.0,0,0.12,0.15,0.13,0.12,0.13,0.13,0.12,0.1
main:2069-12-10,main,0,1,q0,2069-12-10,Tuesday,jev-1.13.0,Tuesday,0.14,0.14,0.0,0,1,3,0.0,0 (exact tie),0.02,0.08,1.0,1,0.13,0.14,0.13,0.12,0.14,0.14,0.12,0.08
main:2069-12-17,main,0,1,q0,2069-12-17,Tuesday,jev-1.13.0,Saturday,0.14,0.14,0.0,0,1,2,0.0,0 (exact tie),0.02,0.09,1.0,0,0.13,0.13,0.13,0.12,0.14,0.14,0.12,0.09
main:2070-01-04,main,0,1,q0,2070-01-04,Saturday,jev-1.13.0,Monday,0.15,0.15,0.0,0,1,2,0.0,0 (exact tie),0.03,0.07,1.0,0,0.15,0.15,0.14,0.12,0.12,0.13,0.12,0.07
main:2070-01-31,main,0,1,q0,2070-01-31,Friday,jev-1.13.0,Monday,0.16,0.16,0.0,0,0,1,0.02,>0.01,0.02,0.06,1.0,0,0.16,0.14,0.13,0.12,0.13,0.14,0.12,0.06
main:2070-03-27,main,0,1,q0,2070-03-27,Thursday,jev-1.13.0,Saturday,0.14,0.15000000000000002,0.01,1,0,1,0.01,<=0.01,0.02,0.08,1.0,0,0.12,0.13,0.15000000000000002,0.12,0.13,0.14,0.13,0.08
main:2070-06-29,main,0,1,q0,2070-06-29,Sunday,jev-1.13.0,Saturday,0.14,0.14,0.0,0,1,4,0.0,0 (exact tie),0.02,0.07,1.0,0,0.13,0.14,0.14,0.12,0.14,0.14,0.12,0.07
main:2070-07-22,main,0,1,q0,2070-07-22,Tuesday,jev-1.13.0,Saturday,0.14,0.14,0.0,0,1,2,0.0,0 (exact tie),0.02,0.1,1.0,0,0.13,0.13,0.12,0.11,0.14,0.14,0.13,0.1
main:2070-09-05,main,0,1,q0,2070-09-05,Friday,jev-1.13.0,Friday,0.14,0.14,0.0,0,1,2,0.0,0 (exact tie),0.02,0.09,1.0,1,0.13,0.14,0.13,0.12,0.14,0.13,0.12,0.09
main:2070-10-20,main,0,1,q0,2070-10-20,Monday,jev-1.13.0,Friday,0.13,0.14,0.01,1,0,1,0.01,<=0.01,0.01,0.1,1.0,0,0.13,0.13,0.14,0.12,0.13,0.13,0.12,0.1
main:2070-11-06,main,0,1,q0,2070-11-06,Thursday,jev-1.13.0,Tuesday,0.13,0.14,0.01,1,1,2,0.0,0 (exact tie),0.01,0.09,1.0,0,0.13,0.13,0.13,0.12,0.14,0.14,0.12,0.09
main:2070-11-09,main,0,1,q0,2070-11-09,Sunday,jev-1.13.0,Tuesday,0.15000000000000002,0.15000000000000002,0.0,0,0,1,0.01,<=0.01,0.02,0.08,1.0,0,0.13,0.15000000000000002,0.13,0.12,0.14,0.13,0.12,0.08
main:2070-11-20,main,0,1,q0,2070-11-20,Thursday,jev-1.13.0,Saturday,0.14,0.14,0.0,0,1,2,0.0,0 (exact tie),0.02,0.09,1.0,0,0.13,0.13,0.13,0.12,0.14,0.14,0.12,0.09
main:2070-11-27,main,0,1,q0,2070-11-27,Thursday,jev-1.13.0,Saturday,0.15000000000000002,0.15000000000000002,0.0,0,0,1,0.02,>0.01,0.01,0.1,1.0,0,0.12,0.12,0.13,0.12,0.13,0.15000000000000002,0.13,0.1
main:2071-01-02,main,0,1,q0,2071-01-02,Friday,jev-1.13.0,Monday,0.16,0.16,0.0,0,0,1,0.01,<=0.01,0.05,0.07,1.0,0,0.16,0.15,0.12,0.11,0.12,0.14,0.13,0.07
main:2071-02-10,main,0,1,q0,2071-02-10,Tuesday,jev-1.13.0,Saturday,0.14,0.14,0.0,0,1,2,0.0,0 (exact tie),0.01,0.08,1.0,0,0.13,0.14,0.13,0.12,0.13,0.14,0.13,0.08
main:2071-02-18,main,0,1,q0,2071-02-18,Wednesday,jev-1.13.0,Tuesday,0.15000000000000002,0.15000000000000002,0.0,0,0,1,0.01,<=0.01,0.02,0.08,1.0,0,0.13,0.15000000000000002,0.13,0.12,0.13,0.14,0.12,0.08
main:2071-04-21,main,0,1,q0,2071-04-21,Tuesday,jev-1.13.0,Saturday,0.14,0.14,0.0,0,1,2,0.0,0 (exact tie),0.02,0.08,1.0,0,0.13,0.14,0.13,0.12,0.13,0.14,0.13,0.08
main:2071-04-26,main,0,1,q0,2071-04-26,Sunday,jev-1.13.0,Tuesday,0.14,0.14,0.0,0,1,2,0.0,0 (exact tie),0.02,0.09,1.0,0,0.12,0.14,0.13,0.13,0.13,0.14,0.12,0.09
main:2071-05-15,main,0,1,q0,2071-05-15,Friday,jev-1.13.0,Friday,0.14,0.14,0.0,0,1,2,0.0,0 (exact tie),0.02,0.1,1.0,1,0.12,0.13,0.13,0.12,0.14,0.14,0.12,0.1
main:2071-06-03,main,0,1,q0,2071-06-03,Wednesday,jev-1.13.0,Tuesday,0.15000000000000002,0.15000000000000002,0.0,0,0,1,0.02,>0.01,0.01,0.09,1.0,0,0.13,0.15000000000000002,0.13,0.11,0.13,0.13,0.13,0.09
main:2071-06-10,main,0,1,q0,2071-06-10,Wednesday,jev-1.13.0,Tuesday,0.15000000000000002,0.15000000000000002,0.0,0,0,1,0.02,>0.01,0.02,0.09,1.0,0,0.13,0.15000000000000002,0.13,0.12,0.13,0.13,0.12,0.09
main:2071-07-05,main,0,1,q0,2071-07-05,Sunday,jev-1.13.0,Friday,0.14,0.15000000000000002,0.01,1,0,1,0.01,<=0.01,0.02,0.08,1.0,0,0.13,0.15000000000000002,0.13,0.12,0.14,0.13,0.12,0.08
main:2071-10-02,main,0,1,q0,2071-10-02,Friday,jev-1.13.0,Tuesday,0.15000000000000002,0.15000000000000002,0.0,0,0,1,0.01,<=0.01,0.02,0.08,1.0,0,0.14,0.15000000000000002,0.13,0.12,0.13,0.13,0.12,0.08
main:2071-10-03,main,0,1,q0,2071-10-03,Saturday,jev-1.13.0,Tuesday,0.15000000000000002,0.15000000000000002,0.0,0,0,1,0.02,>0.01,0.02,0.1,1.0,0,0.12,0.15000000000000002,0.13,0.12,0.13,0.13,0.12,0.1
main:2071-11-07,main,0,1,q0,2071-11-07,Saturday,jev-1.13.0,Tuesday,0.13,0.14,0.01,1,1,2,0.0,0 (exact tie),0.02,0.09,1.0,0,0.13,0.13,0.13,0.12,0.14,0.14,0.12,0.09
main:2072-01-09,main,0,1,q0,2072-01-09,Saturday,jev-1.13.0,Tuesday,0.14,0.14,0.0,0,1,4,0.0,0 (exact tie),0.02,0.07,1.0,0,0.14,0.14,0.14,0.12,0.12,0.14,0.13,0.07
main:2072-02-26,main,0,1,q0,2072-02-26,Friday,jev-1.13.0,Saturday,0.15000000000000002,0.15000000000000002,0.0,0,0,1,0.01,<=0.01,0.02,0.08,1.0,0,0.13,0.13,0.13,0.12,0.14,0.15000000000000002,0.12,0.08
main:2072-05-15,main,0,1,q0,2072-05-15,Sunday,jev-1.13.0,Friday,0.14,0.14,0.0,0,0,1,0.01,<=0.01,0.02,0.1,1.0,0,0.13,0.13,0.13,0.12,0.14,0.13,0.12,0.1
main:2072-05-21,main,0,1,q0,2072-05-21,Saturday,jev-1.13.0,Saturday,0.14,0.14,0.0,0,1,2,0.0,0 (exact tie),0.02,0.08,1.0,1,0.13,0.13,0.14,0.12,0.13,0.14,0.13,0.08
main:2072-06-12,main,0,1,q0,2072-06-12,Sunday,jev-1.13.0,Friday,0.14,0.14,0.0,0,1,2,0.0,0 (exact tie),0.01,0.09,1.0,0,0.13,0.13,0.13,0.12,0.14,0.14,0.12,0.09
main:2072-09-04,main,0,1,q0,2072-09-04,Sunday,jev-1.13.0,Friday,0.14,0.14,0.0,0,1,2,0.0,0 (exact tie),0.02,0.09,1.0,0,0.13,0.14,0.13,0.12,0.14,0.13,0.12,0.09
main:2072-09-17,main,0,1,q0,2072-09-17,Saturday,jev-1.13.0,Friday,0.14,0.14,0.0,0,1,2,0.0,0 (exact tie),0.01,0.1,1.0,0,0.12,0.13,0.13,0.12,0.14,0.14,0.12,0.1
main:2072-11-22,main,0,1,q0,2072-11-22,Tuesday,jev-1.13.0,Saturday,0.14,0.14,0.0,0,0,1,0.01,<=0.01,0.02,0.08,1.0,0,0.13,0.13,0.13,0.13,0.13,0.14,0.13,0.08
main:2073-01-16,main,0,1,q0,2073-01-16,Monday,jev-1.13.0,Monday,0.14,0.15000000000000002,0.01,1,0,1,0.01,<=0.01,0.02,0.07,1.0,1,0.14,0.15000000000000002,0.13,0.12,0.12,0.14,0.13,0.07
main:2073-02-28,main,0,1,q0,2073-02-28,Tuesday,jev-1.13.0,Friday,0.14,0.14,0.0,0,1,4,0.0,0 (exact tie),0.02,0.07,1.0,0,0.14,0.14,0.13,0.12,0.14,0.14,0.12,0.07
main:2073-04-05,main,0,1,q0,2073-04-05,Wednesday,jev-1.13.0,Tuesday,0.14,0.14,0.0,0,1,2,0.0,0 (exact tie),0.02,0.07,1.0,0,0.13,0.14,0.13,0.13,0.13,0.14,0.13,0.07
main:2073-04-20,main,0,1,q0,2073-04-20,Thursday,jev-1.13.0,Tuesday,0.14,0.14,0.0,0,0,1,0.01,<=0.01,0.01,0.1,1.0,0,0.12,0.14,0.13,0.13,0.13,0.13,0.12,0.1
main:2073-04-25,main,0,1,q0,2073-04-25,Tuesday,jev-1.13.0,Tuesday,0.13,0.14,0.01,1,1,2,0.0,0 (exact tie),0.02,0.08,1.0,1,0.13,0.13,0.13,0.13,0.14,0.14,0.12,0.08
main:2073-06-01,main,0,1,q0,2073-06-01,Thursday,jev-1.13.0,Monday,0.14,0.14,0.0,0,1,4,0.0,0 (exact tie),0.02,0.07,1.0,0,0.14,0.14,0.13,0.12,0.14,0.14,0.12,0.07
main:2073-06-08,main,0,1,q0,2073-06-08,Thursday,jev-1.13.0,Saturday,0.14,0.14,0.0,0,1,3,0.0,0 (exact tie),0.02,0.08,1.0,0,0.13,0.14,0.13,0.12,0.14,0.14,0.12,0.08
main:2073-09-12,main,0,1,q0,2073-09-12,Tuesday,jev-1.13.0,Tuesday,0.13,0.14,0.01,1,0,1,0.01,<=0.01,0.01,0.1,1.0,1,0.13,0.13,0.13,0.12,0.14,0.13,0.12,0.1
main:2073-09-22,main,0,1,q0,2073-09-22,Friday,jev-1.13.0,Friday,0.15000000000000002,0.15000000000000002,0.0,0,0,1,0.02,>0.01,0.02,0.09,1.0,1,0.13,0.13,0.13,0.12,0.15000000000000002,0.13,0.12,0.09
main:2073-09-28,main,0,1,q0,2073-09-28,Thursday,jev-1.13.0,Saturday,0.15,0.15,0.0,0,0,1,0.01,<=0.01,0.03,0.07,1.0,0,0.13,0.14,0.13,0.12,0.14,0.15,0.12,0.07
main:2073-09-30,main,0,1,q0,2073-09-30,Saturday,jev-1.13.0,Saturday,0.15000000000000002,0.15000000000000002,0.0,0,0,1,0.01,<=0.01,0.02,0.08,1.0,1,0.13,0.13,0.14,0.12,0.13,0.15000000000000002,0.12,0.08
main:2073-10-21,main,0,1,q0,2073-10-21,Saturday,jev-1.13.0,Wednesday,0.13,0.14,0.01,1,1,2,0.0,0 (exact tie),0.01,0.09,1.0,0,0.13,0.13,0.13,0.12,0.14,0.14,0.12,0.09
main:2073-12-17,main,0,1,q0,2073-12-17,Sunday,jev-1.13.0,Saturday,0.14,0.15000000000000002,0.01,1,0,1,0.01,<=0.01,0.02,0.07,1.0,0,0.13,0.15000000000000002,0.13,0.12,0.14,0.14,0.12,0.07
main:2073-12-26,main,0,1,q0,2073-12-26,Tuesday,jev-1.13.0,Monday,0.15,0.15,0.0,0,1,2,0.0,0 (exact tie),0.02,0.06,1.0,0,0.15,0.13,0.14,0.12,0.12,0.15,0.13,0.06
main:2073-12-27,main,0,1,q0,2073-12-27,Wednesday,jev-1.13.0,Saturday,0.13999999999999999,0.14,0.0,0,1,4,0.0,0 (exact tie),0.03,0.06,1.0,0,0.14,0.14,0.14,0.13,0.12,0.13999999999999999,0.13,0.06
main:2074-01-01,main,0,1,q0,2074-01-01,Monday,jev-1.13.0,Tuesday,0.14,0.14,0.0,0,0,1,0.01,<=0.01,0.01,0.11,1.0,0,0.13,0.14,0.12,0.11,0.13,0.13,0.13,0.11
main:2074-02-15,main,0,1,q0,2074-02-15,Thursday,jev-1.13.0,Tuesday,0.14,0.14,0.0,0,1,2,0.0,0 (exact tie),0.02,0.09,1.0,0,0.13,0.14,0.13,0.12,0.14,0.13,0.12,0.09
main:2074-03-01,main,0,1,q0,2074-03-01,Thursday,jev-1.13.0,Unknown,0.14,0.14,0.0,0,0,1,0.01,<=0.01,0.01,0.14,1.0,0,0.13,0.13,0.12,0.11,0.13,0.12,0.12,0.14
main:2074-07-19,main,0,1,q0,2074-07-19,Thursday,jev-1.13.0,Wednesday,0.13,0.14,0.01,1,1,2,0.0,0 (exact tie),0.02,0.09,1.0,0,0.13,0.14,0.13,0.12,0.14,0.13,0.12,0.09
main:2074-08-26,main,0,1,q0,2074-08-26,Sunday,jev-1.13.0,Friday,0.14,0.14,0.0,0,1,2,0.0,0 (exact tie),0.02,0.1,1.0,0,0.13,0.13,0.13,0.11,0.14,0.14,0.12,0.1
main:2074-09-20,main,0,1,q0,2074-09-20,Thursday,jev-1.13.0,Friday,0.13,0.14,0.01,1,0,1,0.01,<=0.01,0.01,0.11,1.0,0,0.12,0.13,0.14,0.12,0.13,0.13,0.12,0.11
main:2074-11-09,main,0,1,q0,2074-11-09,Friday,jev-1.13.0,Tuesday,0.14,0.14,0.0,0,1,3,0.0,0 (exact tie),0.02,0.08,1.0,0,0.13,0.14,0.13,0.12,0.14,0.14,0.12,0.08
main:2074-12-14,main,0,1,q0,2074-12-14,Friday,jev-1.13.0,Friday,0.14,0.14,0.0,0,1,2,0.0,0 (exact tie),0.01,0.09,1.0,1,0.13,0.14,0.13,0.12,0.14,0.13,0.12,0.09
main:2074-12-20,main,0,1,q0,2074-12-20,Thursday,jev-1.13.0,Saturday,0.14,0.14,0.0,0,1,2,0.0,0 (exact tie),0.01,0.09,1.0,0,0.13,0.12,0.13,0.12,0.14,0.14,0.13,0.09
main:2075-01-01,main,0,1,q0,2075-01-01,Tuesday,jev-1.13.0,Tuesday,0.15000000000000002,0.15000000000000002,0.0,0,0,1,0.02,>0.01,0.02,0.11,1.0,1,0.13,0.15000000000000002,0.11,0.11,0.13,0.13,0.13,0.11
main:2075-02-13,main,0,1,q0,2075-02-13,Wednesday,jev-1.13.0,Tuesday,0.14,0.14,0.0,0,1,2,0.0,0 (exact tie),0.02,0.09,1.0,0,0.13,0.14,0.13,0.12,0.14,0.13,0.12,0.09
main:2075-02-19,main,0,1,q0,2075-02-19,Tuesday,jev-1.13.0,Saturday,0.14,0.14,0.0,0,1,2,0.0,0 (exact tie),0.01,0.09,1.0,0,0.13,0.13,0.13,0.12,0.14,0.14,0.12,0.09
main:2075-02-24,main,0,1,q0,2075-02-24,Sunday,jev-1.13.0,Tuesday,0.14,0.14,0.0,0,1,3,0.0,0 (exact tie),0.02,0.09,1.0,0,0.12,0.14,0.14,0.12,0.14,0.13,0.12,0.09
main:2075-03-07,main,0,1,q0,2075-03-07,Thursday,jev-1.13.0,Tuesday,0.13999999999999999,0.14,0.0,0,1,2,0.0,0 (exact tie),0.03,0.08,1.0,0,0.13,0.13999999999999999,0.14,0.12,0.13,0.13,0.13,0.08
main:2075-03-10,main,0,1,q0,2075-03-10,Sunday,jev-1.13.0,Tuesday,0.14,0.14,0.0,0,0,1,0.01,<=0.01,0.02,0.11,1.0,0,0.12,0.14,0.13,0.12,0.13,0.13,0.12,0.11
main:2075-03-30,main,0,1,q0,2075-03-30,Saturday,jev-1.13.0,Saturday,0.14,0.15000000000000002,0.01,1,0,1,0.01,<=0.01,0.02,0.08,1.0,1,0.12,0.15000000000000002,0.13,0.13,0.13,0.14,0.12,0.08
main:2075-04-06,main,0,1,q0,2075-04-06,Saturday,jev-1.13.0,Tuesday,0.14,0.14,0.0,0,0,1,0.01,<=0.01,0.02,0.1,1.0,0,0.13,0.14,0.13,0.12,0.13,0.13,0.12,0.1
main:2075-04-08,main,0,1,q0,2075-04-08,Monday,jev-1.13.0,Saturday,0.14,0.14,0.0,0,1,4,0.0,0 (exact tie),0.02,0.07,1.0,0,0.13,0.14,0.14,0.12,0.14,0.14,0.12,0.07
main:2075-04-19,main,0,1,q0,2075-04-19,Friday,jev-1.13.0,Saturday,0.14,0.14,0.0,0,1,2,0.0,0 (exact tie),0.02,0.08,1.0,0,0.12,0.13,0.13,0.13,0.14,0.14,0.13,0.08
main:2075-05-02,main,0,1,q0,2075-05-02,Thursday,jev-1.13.0,Tuesday,0.13,0.14,0.01,1,1,2,0.0,0 (exact tie),0.02,0.09,1.0,0,0.13,0.13,0.13,0.12,0.14,0.14,0.12,0.09
main:2075-05-18,main,0,1,q0,2075-05-18,Saturday,jev-1.13.0,Tuesday,0.14,0.14,0.0,0,0,1,0.01,<=0.01,0.01,0.12,1.0,0,0.12,0.14,0.13,0.12,0.13,0.13,0.11,0.12
main:2075-05-21,main,0,1,q0,2075-05-21,Tuesday,jev-1.13.0,Saturday,0.14,0.14,0.0,0,1,2,0.0,0 (exact tie),0.02,0.09,1.0,0,0.13,0.13,0.14,0.12,0.13,0.14,0.12,0.09
main:2075-07-21,main,0,1,q0,2075-07-21,Sunday,jev-1.13.0,Friday,0.14,0.14,0.0,0,0,1,0.01,<=0.01,0.01,0.11,1.0,0,0.13,0.13,0.13,0.11,0.14,0.13,0.12,0.11
main:2075-07-22,main,0,1,q0,2075-07-22,Monday,jev-1.13.0,Saturday,0.15000000000000002,0.15000000000000002,0.0,0,0,1,0.02,>0.01,0.02,0.09,1.0,0,0.13,0.13,0.13,0.12,0.13,0.15000000000000002,0.12,0.09
main:2075-08-04,main,0,1,q0,2075-08-04,Sunday,jev-1.13.0,Tuesday,0.13,0.14,0.01,1,1,2,0.0,0 (exact tie),0.02,0.08,1.0,0,0.13,0.13,0.13,0.13,0.14,0.14,0.12,0.08
main:2075-10-07,main,0,1,q0,2075-10-07,Monday,jev-1.13.0,Saturday,0.14,0.14,0.0,0,0,1,0.01,<=0.01,0.02,0.08,1.0,0,0.13,0.13,0.13,0.13,0.13,0.14,0.13,0.08
main:2075-11-03,main,0,1,q0,2075-11-03,Sunday,jev-1.13.0,Tuesday,0.14,0.14,0.0,0,1,3,0.0,0 (exact tie),0.02,0.08,1.0,0,0.12,0.14,0.14,0.12,0.13,0.14,0.13,0.08
main:2075-11-29,main,0,1,q0,2075-11-29,Friday,jev-1.13.0,Saturday,0.13999999999999999,0.13999999999999999,0.0,0,0,1,0.01,<=0.01,0.02,0.09,1.0,0,0.13,0.13,0.13,0.13,0.13,0.13999999999999999,0.12,0.09
main:2075-12-09,main,0,1,q0,2075-12-09,Monday,jev-1.13.0,Tuesday,0.14,0.14,0.0,0,1,4,0.0,0 (exact tie),0.02,0.07,1.0,0,0.14,0.14,0.13,0.12,0.14,0.14,0.12,0.07
main:2076-01-06,main,0,1,q0,2076-01-06,Monday,jev-1.13.0,Saturday,0.14,0.15000000000000002,0.01,1,0,1,0.01,<=0.01,0.02,0.07,1.0,0,0.14,0.13,0.13,0.12,0.12,0.14,0.15000000000000002,0.07
main:2076-01-12,main,0,1,q0,2076-01-12,Sunday,jev-1.13.0,Tuesday,0.14,0.14,0.0,0,1,2,0.0,0 (exact tie),0.02,0.08,1.0,0,0.13,0.14,0.13,0.12,0.13,0.14,0.13,0.08
main:2076-01-23,main,0,1,q0,2076-01-23,Thursday,jev-1.13.0,Tuesday,0.14,0.14,0.0,0,1,3,0.0,0 (exact tie),0.02,0.08,1.0,0,0.14,0.14,0.13,0.12,0.13,0.14,0.12,0.08
main:2076-01-30,main,0,1,q0,2076-01-30,Thursday,jev-1.13.0,Tuesday,0.14,0.14,0.0,0,1,3,0.0,0 (exact tie),0.02,0.08,1.0,0,0.14,0.14,0.13,0.12,0.13,0.14,0.12,0.08
main:2076-03-25,main,0,1,q0,2076-03-25,Wednesday,jev-1.13.0,Tuesday,0.15000000000000002,0.15000000000000002,0.0,0,0,1,0.01,<=0.01,0.02,0.08,1.0,0,0.12,0.15000000000000002,0.13,0.12,0.13,0.14,0.13,0.08
main:2076-04-18,main,0,1,q0,2076-04-18,Saturday,jev-1.13.0,Saturday,0.14,0.14,0.0,0,1,2,0.0,0 (exact tie),0.02,0.09,1.0,1,0.12,0.14,0.13,0.12,0.13,0.14,0.13,0.09
main:2076-05-10,main,0,1,q0,2076-05-10,Sunday,jev-1.13.0,Tuesday,0.15000000000000002,0.15000000000000002,0.0,0,0,1,0.01,<=0.01,0.02,0.08,1.0,0,0.13,0.15000000000000002,0.13,0.12,0.13,0.14,0.12,0.08
main:2076-05-20,main,0,1,q0,2076-05-20,Wednesday,jev-1.13.0,Saturday,0.15000000000000002,0.15000000000000002,0.0,0,0,1,0.02,>0.01,0.02,0.08,1.0,0,0.13,0.13,0.13,0.12,0.13,0.15000000000000002,0.13,0.08
main:2076-05-29,main,0,1,q0,2076-05-29,Friday,jev-1.13.0,Saturday,0.14,0.14,0.0,0,1,3,0.0,0 (exact tie),0.02,0.09,1.0,0,0.13,0.14,0.12,0.11,0.14,0.14,0.13,0.09
main:2076-06-18,main,0,1,q0,2076-06-18,Thursday,jev-1.13.0,Saturday,0.13,0.14,0.01,1,0,1,0.01,<=0.01,0.02,0.11,1.0,0,0.12,0.13,0.13,0.12,0.14,0.13,0.12,0.11
main:2076-10-09,main,0,1,q0,2076-10-09,Friday,jev-1.13.0,Saturday,0.15000000000000002,0.15000000000000002,0.0,0,0,1,0.02,>0.01,0.02,0.08,1.0,0,0.13,0.13,0.13,0.12,0.13,0.15000000000000002,0.13,0.08
main:2076-10-10,main,0,1,q0,2076-10-10,Saturday,jev-1.13.0,Tuesday,0.14,0.14,0.0,0,1,2,0.0,0 (exact tie),0.01,0.1,1.0,0,0.13,0.14,0.12,0.11,0.13,0.13,0.14,0.1
main:2076-11-23,main,0,1,q0,2076-11-23,Monday,jev-1.13.0,Saturday,0.15000000000000002,0.15000000000000002,0.0,0,0,1,0.01,<=0.01,0.02,0.08,1.0,0,0.12,0.13,0.13,0.13,0.14,0.15000000000000002,0.12,0.08
main:2076-12-14,main,0,1,q0,2076-12-14,Monday,jev-1.13.0,Friday,0.14,0.14,0.0,0,0,1,0.01,<=0.01,0.01,0.1,1.0,0,0.13,0.13,0.13,0.12,0.14,0.13,0.12,0.1
main:2076-12-19,main,0,1,q0,2076-12-19,Saturday,jev-1.13.0,Saturday,0.14,0.14,0.0,0,1,2,0.0,0 (exact tie),0.02,0.1,1.0,1,0.13,0.13,0.12,0.12,0.14,0.14,0.12,0.1
main:2077-01-01,main,0,1,q0,2077-01-01,Friday,jev-1.13.0,Saturday,0.13,0.14,0.01,1,0,1,0.01,<=0.01,0.01,0.1,1.0,0,0.14,0.13,0.12,0.12,0.13,0.13,0.13,0.1
main:2077-01-10,main,0,1,q0,2077-01-10,Sunday,jev-1.13.0,Tuesday,0.14,0.14,0.0,0,1,3,0.0,0 (exact tie),0.02,0.07,1.0,0,0.14,0.14,0.13,0.12,0.13,0.14,0.13,0.07
main:2077-01-13,main,0,1,q0,2077-01-13,Wednesday,jev-1.13.0,Tuesday,0.14,0.14,0.0,0,1,3,0.0,0 (exact tie),0.02,0.08,1.0,0,0.14,0.14,0.13,0.12,0.13,0.14,0.12,0.08
main:2077-02-04,main,0,1,q0,2077-02-04,Thursday,jev-1.13.0,Tuesday,0.15000000000000002,0.15000000000000002,0.0,0,0,1,0.02,>0.01,0.02,0.09,1.0,0,0.13,0.15000000000000002,0.13,0.12,0.13,0.13,0.12,0.09
main:2077-02-06,main,0,1,q0,2077-02-06,Saturday,jev-1.13.0,Tuesday,0.15000000000000002,0.15000000000000002,0.0,0,0,1,0.01,<=0.01,0.02,0.07,1.0,0,0.13,0.15000000000000002,0.13,0.12,0.14,0.14,0.12,0.07
main:2077-02-24,main,0,1,q0,2077-02-24,Wednesday,jev-1.13.0,Tuesday,0.15000000000000002,0.15000000000000002,0.0,0,0,1,0.01,<=0.01,0.02,0.08,1.0,0,0.13,0.15000000000000002,0.13,0.12,0.13,0.14,0.12,0.08
main:2077-03-06,main,0,1,q0,2077-03-06,Saturday,jev-1.13.0,Friday,0.14,0.14,0.0,0,1,2,0.0,0 (exact tie),0.01,0.09,1.0,0,0.13,0.13,0.13,0.12,0.14,0.14,0.12,0.09
main:2077-03-25,main,0,1,q0,2077-03-25,Thursday,jev-1.13.0,Tuesday,0.14,0.14,0.0,0,1,2,0.0,0 (exact tie),0.01,0.08,1.0,0,0.13,0.14,0.14,0.12,0.13,0.13,0.13,0.08
main:2077-04-10,main,0,1,q0,2077-04-10,Saturday,jev-1.13.0,Tuesday,0.14,0.14,0.0,0,1,3,0.0,0 (exact tie),0.02,0.08,1.0,0,0.13,0.14,0.14,0.12,0.13,0.14,0.12,0.08
main:2077-04-13,main,0,1,q0,2077-04-13,Tuesday,jev-1.13.0,Friday,0.14,0.14,0.0,0,1,2,0.0,0 (exact tie),0.02,0.09,1.0,0,0.12,0.13,0.13,0.12,0.14,0.14,0.13,0.09
main:2077-06-17,main,0,1,q0,2077-06-17,Thursday,jev-1.13.0,Saturday,0.15000000000000002,0.15000000000000002,0.0,0,0,1,0.01,<=0.01,0.02,0.11,1.0,0,0.12,0.13,0.12,0.11,0.14,0.15000000000000002,0.12,0.11
main:2077-07-04,main,0,1,q0,2077-07-04,Sunday,jev-1.13.0,Friday,0.14,0.14,0.0,0,1,2,0.0,0 (exact tie),0.01,0.1,1.0,0,0.12,0.13,0.13,0.12,0.14,0.14,0.12,0.1
main:2077-07-12,main,0,1,q0,2077-07-12,Monday,jev-1.13.0,Tuesday,0.14,0.14,0.0,0,1,3,0.0,0 (exact tie),0.02,0.08,1.0,0,0.13,0.14,0.13,0.12,0.14,0.14,0.12,0.08
main:2077-10-01,main,0,1,q0,2077-10-01,Friday,jev-1.13.0,Friday,0.14,0.14,0.0,0,0,1,0.01,<=0.01,0.01,0.13,1.0,1,0.12,0.13,0.12,0.11,0.14,0.13,0.12,0.13
main:2077-10-26,main,0,1,q0,2077-10-26,Tuesday,jev-1.13.0,Saturday,0.14,0.14,0.0,0,0,1,0.01,<=0.01,0.01,0.1,1.0,0,0.13,0.13,0.13,0.12,0.13,0.14,0.12,0.1
main:2077-11-07,main,0,1,q0,2077-11-07,Sunday,jev-1.13.0,Saturday,0.14,0.14,0.0,0,1,3,0.0,0 (exact tie),0.02,0.09,1.0,0,0.12,0.14,0.13,0.12,0.14,0.14,0.12,0.09
main:2077-11-08,main,0,1,q0,2077-11-08,Monday,jev-1.13.0,Friday,0.14,0.14,0.0,0,1,2,0.0,0 (exact tie),0.02,0.09,1.0,0,0.13,0.13,0.13,0.12,0.14,0.14,0.12,0.09
main:2077-11-28,main,0,1,q0,2077-11-28,Sunday,jev-1.13.0,Saturday,0.14,0.14,0.0,0,0,1,0.01,<=0.01,0.02,0.08,1.0,0,0.13,0.13,0.13,0.13,0.13,0.14,0.13,0.08
main:2077-12-07,main,0,1,q0,2077-12-07,Tuesday,jev-1.13.0,Saturday,0.14,0.15000000000000002,0.01,1,0,1,0.01,<=0.01,0.02,0.08,1.0,0,0.12,0.15000000000000002,0.13,0.12,0.14,0.14,0.12,0.08
main:2078-01-30,main,0,1,q0,2078-01-30,Sunday,jev-1.13.0,Tuesday,0.14,0.15000000000000002,0.01,1,0,1,0.01,<=0.01,0.02,0.08,1.0,0,0.13,0.14,0.15000000000000002,0.12,0.13,0.13,0.12,0.08
main:2078-02-03,main,0,1,q0,2078-02-03,Thursday,jev-1.13.0,Tuesday,0.14,0.14,0.0,0,0,1,0.01,<=0.01,0.02,0.11,1.0,0,0.13,0.14,0.13,0.11,0.13,0.13,0.12,0.11
main:2078-02-18,main,0,1,q0,2078-02-18,Friday,jev-1.13.0,Tuesday,0.15000000000000002,0.15000000000000002,0.0,0,0,1,0.01,<=0.01,0.02,0.08,1.0,0,0.13,0.15000000000000002,0.13,0.12,0.13,0.14,0.12,0.08
main:2078-03-27,main,0,1,q0,2078-03-27,Sunday,jev-1.13.0,Friday,0.13,0.13,0.0,0,1,5,0.0,0 (exact tie),0.01,0.12,1.0,0,0.12,0.13,0.13,0.11,0.13,0.13,0.13,0.12
main:2078-04-20,main,0,1,q0,2078-04-20,Wednesday,jev-1.13.0,Saturday,0.13,0.13,0.0,0,1,5,0.0,0 (exact tie),0.01,0.11,1.0,0,0.12,0.13,0.13,0.12,0.13,0.13,0.13,0.11
main:2078-04-30,main,0,1,q0,2078-04-30,Saturday,jev-1.13.0,Saturday,0.13,0.14,0.01,1,0,1,0.01,<=0.01,0.02,0.09,1.0,1,0.13,0.13,0.13,0.12,0.14,0.13,0.13,0.09
main:2078-06-28,main,0,1,q0,2078-06-28,Tuesday,jev-1.13.0,Saturday,0.14,0.14,0.0,0,1,2,0.0,0 (exact tie),0.02,0.09,1.0,0,0.13,0.13,0.13,0.12,0.14,0.14,0.12,0.09
main:2078-07-15,main,0,1,q0,2078-07-15,Friday,jev-1.13.0,Monday,0.13,0.14,0.01,1,0,1,0.01,<=0.01,0.01,0.1,1.0,0,0.13,0.13,0.14,0.12,0.13,0.13,0.12,0.1
main:2078-08-31,main,0,1,q0,2078-08-31,Wednesday,jev-1.13.0,Friday,0.14,0.14,0.0,0,0,1,0.01,<=0.01,0.02,0.09,1.0,0,0.13,0.13,0.13,0.12,0.14,0.13,0.13,0.09
main:2078-09-15,main,0,1,q0,2078-09-15,Thursday,jev-1.13.0,Friday,0.13,0.13,0.0,0,1,5,0.0,0 (exact tie),0.01,0.13,1.0,0,0.13,0.13,0.13,0.11,0.13,0.12,0.12,0.13
main:2078-09-28,main,0,1,q0,2078-09-28,Wednesday,jev-1.13.0,Friday,0.15000000000000002,0.15000000000000002,0.0,0,0,1,0.02,>0.01,0.01,0.09,1.0,0,0.13,0.13,0.13,0.12,0.15000000000000002,0.13,0.12,0.09
main:2079-01-12,main,0,1,q0,2079-01-12,Thursday,jev-1.13.0,Tuesday,0.15000000000000002,0.15000000000000002,0.0,0,0,1,0.01,<=0.01,0.02,0.08,1.0,0,0.14,0.15000000000000002,0.13,0.12,0.13,0.13,0.12,0.08
main:2079-01-25,main,0,1,q0,2079-01-25,Wednesday,jev-1.13.0,Tuesday,0.13999999999999999,0.14,0.0,0,1,2,0.0,0 (exact tie),0.02,0.09,1.0,0,0.13,0.13999999999999999,0.13,0.12,0.13,0.14,0.12,0.09
main:2079-04-18,main,0,1,q0,2079-04-18,Tuesday,jev-1.13.0,Tuesday,0.13,0.14,0.01,1,0,1,0.01,<=0.01,0.02,0.1,1.0,1,0.12,0.13,0.13,0.13,0.13,0.14,0.12,0.1
main:2079-06-29,main,0,1,q0,2079-06-29,Thursday,jev-1.13.0,Saturday,0.14,0.14,0.0,0,1,2,0.0,0 (exact tie),0.02,0.09,1.0,0,0.12,0.13,0.13,0.12,0.14,0.14,0.13,0.09
main:2079-07-06,main,0,1,q0,2079-07-06,Thursday,jev-1.13.0,Saturday,0.14,0.14,0.0,0,1,2,0.0,0 (exact tie),0.02,0.09,1.0,0,0.13,0.13,0.13,0.12,0.14,0.14,0.12,0.09
main:2079-08-06,main,0,1,q0,2079-08-06,Sunday,jev-1.13.0,Saturday,0.14,0.14,0.0,0,1,2,0.0,0 (exact tie),0.02,0.08,1.0,0,0.13,0.13,0.13,0.12,0.14,0.14,0.13,0.08
main:2079-08-19,main,0,1,q0,2079-08-19,Saturday,jev-1.13.0,Saturday,0.14,0.14,0.0,0,1,2,0.0,0 (exact tie),0.02,0.09,1.0,1,0.13,0.13,0.13,0.12,0.14,0.14,0.12,0.09
main:2079-08-23,main,0,1,q0,2079-08-23,Wednesday,jev-1.13.0,Tuesday,0.13,0.14,0.01,1,0,1,0.01,<=0.01,0.01,0.12,1.0,0,0.12,0.13,0.14,0.11,0.13,0.13,0.12,0.12
main:2079-09-02,main,0,1,q0,2079-09-02,Saturday,jev-1.13.0,Monday,0.13,0.14,0.01,1,0,1,0.01,<=0.01,0.01,0.12,1.0,0,0.13,0.14,0.12,0.11,0.13,0.12,0.13,0.12
main:2079-09-11,main,0,1,q0,2079-09-11,Monday,jev-1.13.0,Unknown,0.16,0.16,0.0,0,0,1,0.03,>0.01,0.04,0.16,1.0,0,0.12,0.12,0.12,0.11,0.13,0.12,0.12,0.16
main:2079-10-16,main,0,1,q0,2079-10-16,Monday,jev-1.13.0,Friday,0.13,0.13,0.0,0,1,4,0.0,0 (exact tie),0.01,0.12,1.0,0,0.12,0.13,0.13,0.12,0.13,0.13,0.12,0.12
main:2079-11-02,main,0,1,q0,2079-11-02,Thursday,jev-1.13.0,Tuesday,0.14,0.14,0.0,0,1,2,0.0,0 (exact tie),0.02,0.09,1.0,0,0.13,0.14,0.13,0.12,0.14,0.13,0.12,0.09
main:2079-11-24,main,0,1,q0,2079-11-24,Friday,jev-1.13.0,Saturday,0.13,0.14,0.01,1,0,1,0.01,<=0.01,0.02,0.09,1.0,0,0.13,0.12,0.13,0.13,0.14,0.13,0.13,0.09
main:2079-12-03,main,0,1,q0,2079-12-03,Sunday,jev-1.13.0,Tuesday,0.15000000000000002,0.15000000000000002,0.0,0,0,1,0.01,<=0.01,0.02,0.08,1.0,0,0.13,0.15000000000000002,0.13,0.12,0.14,0.13,0.12,0.08
main:2079-12-08,main,0,1,q0,2079-12-08,Friday,jev-1.13.0,Friday,0.14,0.14,0.0,0,1,2,0.0,0 (exact tie),0.02,0.08,1.0,1,0.13,0.13,0.13,0.12,0.14,0.14,0.13,0.08
main:2080-03-24,main,0,1,q0,2080-03-24,Sunday,jev-1.13.0,Saturday,0.14,0.14,0.0,0,1,2,0.0,0 (exact tie),0.02,0.09,1.0,0,0.13,0.13,0.13,0.12,0.14,0.14,0.12,0.09
main:2080-03-30,main,0,1,q0,2080-03-30,Saturday,jev-1.13.0,Saturday,0.15000000000000002,0.15000000000000002,0.0,0,0,1,0.02,>0.01,0.02,0.07,1.0,1,0.13,0.13,0.13,0.13,0.13,0.15000000000000002,0.13,0.07
main:2080-05-23,main,0,1,q0,2080-05-23,Thursday,jev-1.13.0,Friday,0.14,0.14,0.0,0,1,2,0.0,0 (exact tie),0.02,0.09,1.0,0,0.13,0.13,0.13,0.12,0.14,0.14,0.12,0.09
main:2080-07-27,main,0,1,q0,2080-07-27,Saturday,jev-1.13.0,Saturday,0.15000000000000002,0.15000000000000002,0.0,0,0,1,0.01,<=0.01,0.02,0.08,1.0,1,0.13,0.13,0.13,0.12,0.14,0.15000000000000002,0.12,0.08
main:2080-08-29,main,0,1,q0,2080-08-29,Thursday,jev-1.13.0,Saturday,0.14,0.14,0.0,0,1,3,0.0,0 (exact tie),0.02,0.07,1.0,0,0.14,0.13,0.13,0.12,0.14,0.14,0.13,0.07
main:2080-09-15,main,0,1,q0,2080-09-15,Sunday,jev-1.13.0,Friday,0.13,0.13,0.0,0,1,6,0.0,0 (exact tie),0.01,0.1,1.0,0,0.13,0.13,0.13,0.12,0.13,0.13,0.13,0.1
main:2080-10-24,main,0,1,q0,2080-10-24,Thursday,jev-1.13.0,Saturday,0.13,0.14,0.01,1,0,1,0.01,<=0.01,0.02,0.09,1.0,0,0.13,0.13,0.13,0.12,0.14,0.13,0.13,0.09
main:2080-10-25,main,0,1,q0,2080-10-25,Friday,jev-1.13.0,Saturday,0.13,0.14,0.01,1,0,1,0.01,<=0.01,0.01,0.09,1.0,0,0.13,0.13,0.13,0.12,0.14,0.13,0.13,0.09
main:2080-12-09,main,0,1,q0,2080-12-09,Monday,jev-1.13.0,Saturday,0.15,0.15,0.0,0,0,1,0.01,<=0.01,0.03,0.06,1.0,0,0.14,0.13999999999999999,0.13,0.12,0.14,0.15,0.12,0.06
main:2081-01-16,main,0,1,q0,2081-01-16,Thursday,jev-1.13.0,Monday,0.14,0.14,0.0,0,1,2,0.0,0 (exact tie),0.02,0.08,1.0,0,0.14,0.13,0.13,0.12,0.13,0.14,0.13,0.08
main:2081-01-24,main,0,1,q0,2081-01-24,Friday,jev-1.13.0,Tuesday,0.14,0.14,0.0,0,1,2,0.0,0 (exact tie),0.02,0.08,1.0,0,0.13,0.14,0.13,0.13,0.13,0.14,0.12,0.08
main:2081-03-02,main,0,1,q0,2081-03-02,Sunday,jev-1.13.0,Tuesday,0.15,0.15,0.0,0,0,1,0.02,>0.01,0.03,0.1,1.0,0,0.13,0.15,0.13,0.11,0.13,0.13,0.12,0.1
main:2081-03-31,main,0,1,q0,2081-03-31,Monday,jev-1.13.0,Saturday,0.16,0.16,0.0,0,0,1,0.03,>0.01,0.02,0.08,1.0,0,0.12,0.13,0.13,0.12,0.13,0.16,0.13,0.08
main:2081-04-23,main,0,1,q0,2081-04-23,Wednesday,jev-1.13.0,Saturday,0.14,0.14,0.0,0,1,3,0.0,0 (exact tie),0.02,0.08,1.0,0,0.12,0.14,0.13,0.13,0.14,0.14,0.12,0.08
main:2081-05-30,main,0,1,q0,2081-05-30,Friday,jev-1.13.0,Friday,0.14,0.15000000000000002,0.01,1,0,1,0.01,<=0.01,0.02,0.09,1.0,1,0.12,0.13,0.13,0.12,0.14,0.15000000000000002,0.12,0.09
main:2081-07-01,main,0,1,q0,2081-07-01,Tuesday,jev-1.13.0,Friday,0.13,0.13,0.0,0,1,5,0.0,0 (exact tie),0.01,0.12,1.0,0,0.13,0.13,0.12,0.11,0.13,0.13,0.13,0.12
main:2081-07-24,main,0,1,q0,2081-07-24,Thursday,jev-1.13.0,Wednesday,0.14,0.14,0.0,0,1,2,0.0,0 (exact tie),0.02,0.09,1.0,0,0.13,0.13,0.14,0.12,0.14,0.13,0.12,0.09
main:2081-09-19,main,0,1,q0,2081-09-19,Friday,jev-1.13.0,Saturday,0.13,0.14,0.01,1,0,1,0.01,<=0.01,0.01,0.1,1.0,0,0.13,0.13,0.13,0.12,0.14,0.13,0.12,0.1
main:2081-10-05,main,0,1,q0,2081-10-05,Sunday,jev-1.13.0,Friday,0.15000000000000002,0.15000000000000002,0.0,0,0,1,0.02,>0.01,0.01,0.1,1.0,0,0.12,0.13,0.13,0.12,0.15000000000000002,0.13,0.12,0.1
main:2081-11-05,main,0,1,q0,2081-11-05,Wednesday,jev-1.13.0,Friday,0.15000000000000002,0.15000000000000002,0.0,0,0,1,0.02,>0.01,0.02,0.09,1.0,0,0.13,0.13,0.13,0.12,0.15000000000000002,0.13,0.12,0.09
main:2081-12-19,main,0,1,q0,2081-12-19,Friday,jev-1.13.0,Saturday,0.14,0.14,0.0,0,1,2,0.0,0 (exact tie),0.02,0.08,1.0,0,0.13,0.13,0.13,0.13,0.14,0.14,0.12,0.08
main:2081-12-23,main,0,1,q0,2081-12-23,Tuesday,jev-1.13.0,Saturday,0.14,0.14,0.0,0,1,2,0.0,0 (exact tie),0.02,0.1,1.0,0,0.12,0.13,0.13,0.12,0.14,0.14,0.12,0.1
main:2082-02-01,main,0,1,q0,2082-02-01,Sunday,jev-1.13.0,Monday,0.14,0.14,0.0,0,1,2,0.0,0 (exact tie),0.01,0.12,1.0,0,0.14,0.14,0.13,0.11,0.12,0.12,0.12,0.12
main:2082-03-27,main,0,1,q0,2082-03-27,Friday,jev-1.13.0,Friday,0.14,0.14,0.0,0,1,2,0.0,0 (exact tie),0.01,0.09,1.0,1,0.12,0.14,0.13,0.12,0.14,0.13,0.13,0.09
main:2082-05-16,main,0,1,q0,2082-05-16,Saturday,jev-1.13.0,Friday,0.13,0.14,0.01,1,1,2,0.0,0 (exact tie),0.01,0.12,1.0,0,0.12,0.14,0.12,0.12,0.13,0.14,0.11,0.12
main:2082-06-28,main,0,1,q0,2082-06-28,Sunday,jev-1.13.0,Friday,0.14,0.14,0.0,0,1,2,0.0,0 (exact tie),0.02,0.09,1.0,0,0.13,0.13,0.13,0.12,0.14,0.14,0.12,0.09
main:2082-07-01,main,0,1,q0,2082-07-01,Wednesday,jev-1.13.0,Tuesday,0.13,0.13,0.0,0,1,4,0.0,0 (exact tie),0.01,0.13,1.0,0,0.13,0.13,0.12,0.12,0.13,0.12,0.12,0.13
main:2082-07-18,main,0,1,q0,2082-07-18,Saturday,jev-1.13.0,Saturday,0.14,0.14,0.0,0,1,2,0.0,0 (exact tie),0.01,0.1,1.0,1,0.13,0.13,0.12,0.12,0.14,0.14,0.12,0.1
main:2082-07-21,main,0,1,q0,2082-07-21,Tuesday,jev-1.13.0,Friday,0.14,0.14,0.0,0,0,1,0.01,<=0.01,0.01,0.1,1.0,0,0.13,0.13,0.13,0.12,0.14,0.13,0.12,0.1
main:2082-09-04,main,0,1,q0,2082-09-04,Friday,jev-1.13.0,Tuesday,0.15000000000000002,0.15000000000000002,0.0,0,0,1,0.02,>0.01,0.01,0.1,1.0,0,0.13,0.15000000000000002,0.13,0.12,0.13,0.12,0.12,0.1
main:2082-10-13,main,0,1,q0,2082-10-13,Tuesday,jev-1.13.0,Friday,0.14,0.14,0.0,0,0,1,0.01,<=0.01,0.01,0.09,1.0,0,0.13,0.13,0.13,0.12,0.14,0.13,0.13,0.09
main:2082-10-20,main,0,1,q0,2082-10-20,Tuesday,jev-1.13.0,Friday,0.14,0.14,0.0,0,0,1,0.01,<=0.01,0.01,0.12,1.0,0,0.12,0.13,0.12,0.12,0.14,0.13,0.12,0.12
main:2082-11-02,main,0,1,q0,2082-11-02,Monday,jev-1.13.0,Tuesday,0.14,0.14,0.0,0,0,1,0.01,<=0.01,0.02,0.1,1.0,0,0.13,0.14,0.13,0.12,0.13,0.13,0.12,0.1
main:2082-11-29,main,0,1,q0,2082-11-29,Sunday,jev-1.13.0,Saturday,0.13,0.14,0.01,1,0,1,0.01,<=0.01,0.02,0.09,1.0,0,0.13,0.13,0.13,0.12,0.14,0.13,0.13,0.09
main:2082-12-20,main,0,1,q0,2082-12-20,Sunday,jev-1.13.0,Saturday,0.14,0.14,0.0,0,1,2,0.0,0 (exact tie),0.02,0.09,1.0,0,0.13,0.13,0.13,0.12,0.14,0.14,0.12,0.09
main:2083-02-04,main,0,1,q0,2083-02-04,Thursday,jev-1.13.0,Tuesday,0.15000000000000002,0.15000000000000002,0.0,0,0,1,0.02,>0.01,0.02,0.09,1.0,0,0.13,0.15000000000000002,0.13,0.12,0.13,0.13,0.12,0.09
main:2083-03-28,main,0,1,q0,2083-03-28,Sunday,jev-1.13.0,Wednesday,0.14,0.14,0.0,0,1,3,0.0,0 (exact tie),0.02,0.08,1.0,0,0.12,0.14,0.14,0.12,0.13,0.14,0.13,0.08
main:2083-04-09,main,0,1,q0,2083-04-09,Friday,jev-1.13.0,Tuesday,0.14,0.14,0.0,0,1,2,0.0,0 (exact tie),0.02,0.09,1.0,0,0.12,0.14,0.13,0.12,0.13,0.14,0.13,0.09
main:2083-04-19,main,0,1,q0,2083-04-19,Monday,jev-1.13.0,Saturday,0.14,0.14,0.0,0,1,2,0.0,0 (exact tie),0.02,0.09,1.0,0,0.12,0.14,0.13,0.13,0.13,0.14,0.12,0.09
main:2083-06-04,main,0,1,q0,2083-06-04,Friday,jev-1.13.0,Tuesday,0.15000000000000002,0.15000000000000002,0.0,0,0,1,0.02,>0.01,0.02,0.09,1.0,0,0.13,0.15000000000000002,0.13,0.12,0.13,0.13,0.12,0.09
main:2083-07-21,main,0,1,q0,2083-07-21,Wednesday,jev-1.13.0,Saturday,0.14,0.14,0.0,0,1,2,0.0,0 (exact tie),0.02,0.1,1.0,0,0.13,0.13,0.12,0.12,0.14,0.14,0.12,0.1
main:2083-09-04,main,0,1,q0,2083-09-04,Saturday,jev-1.13.0,Wednesday,0.14,0.14,0.0,0,0,1,0.01,<=0.01,0.01,0.1,1.0,0,0.13,0.13,0.14,0.12,0.13,0.13,0.12,0.1
main:2083-09-23,main,0,1,q0,2083-09-23,Thursday,jev-1.13.0,Tuesday,0.14,0.14,0.0,0,1,2,0.0,0 (exact tie),0.01,0.09,1.0,0,0.13,0.14,0.13,0.12,0.14,0.13,0.12,0.09
main:2083-11-01,main,0,1,q0,2083-11-01,Monday,jev-1.13.0,Friday,0.14,0.14,0.0,0,0,1,0.01,<=0.01,0.01,0.11,1.0,0,0.13,0.13,0.12,0.12,0.14,0.13,0.12,0.11
main:2083-11-02,main,0,1,q0,2083-11-02,Tuesday,jev-1.13.0,Tuesday,0.15000000000000002,0.15000000000000002,0.0,0,0,1,0.02,>0.01,0.02,0.08,1.0,1,0.13,0.15000000000000002,0.13,0.12,0.13,0.13,0.13,0.08
main:2084-02-27,main,0,1,q0,2084-02-27,Sunday,jev-1.13.0,Saturday,0.14,0.14,0.0,0,1,4,0.0,0 (exact tie),0.02,0.07,1.0,0,0.12,0.14,0.14,0.13,0.14,0.14,0.12,0.07
main:2084-03-16,main,0,1,q0,2084-03-16,Thursday,jev-1.13.0,Tuesday,0.15,0.15,0.0,0,0,1,0.01,<=0.01,0.03,0.07,1.0,0,0.13,0.15,0.14,0.12,0.13,0.14,0.12,0.07
main:2084-05-08,main,0,1,q0,2084-05-08,Monday,jev-1.13.0,Tuesday,0.15,0.15,0.0,0,0,1,0.01,<=0.01,0.03,0.07,1.0,0,0.13,0.15,0.13,0.13,0.14,0.14,0.11,0.07
main:2084-05-17,main,0,1,q0,2084-05-17,Wednesday,jev-1.13.0,Saturday,0.14,0.14,0.0,0,1,3,0.0,0 (exact tie),0.02,0.08,1.0,0,0.13,0.14,0.14,0.12,0.13,0.14,0.12,0.08
main:2084-06-18,main,0,1,q0,2084-06-18,Sunday,jev-1.13.0,Saturday,0.14,0.14,0.0,0,1,3,0.0,0 (exact tie),0.02,0.08,1.0,0,0.13,0.14,0.13,0.12,0.14,0.14,0.12,0.08
main:2084-08-21,main,0,1,q0,2084-08-21,Monday,jev-1.13.0,Saturday,0.14,0.14,0.0,0,1,3,0.0,0 (exact tie),0.02,0.08,1.0,0,0.13,0.14,0.13,0.12,0.14,0.14,0.12,0.08
main:2084-09-03,main,0,1,q0,2084-09-03,Sunday,jev-1.13.0,Monday,0.14,0.14,0.0,0,1,3,0.0,0 (exact tie),0.02,0.08,1.0,0,0.14,0.14,0.14,0.11,0.13,0.13,0.13,0.08
main:2084-09-04,main,0,1,q0,2084-09-04,Monday,jev-1.13.0,Tuesday,0.14,0.14,0.0,0,1,2,0.0,0 (exact tie),0.02,0.09,1.0,0,0.13,0.14,0.14,0.12,0.13,0.13,0.12,0.09
main:2084-12-21,main,0,1,q0,2084-12-21,Thursday,jev-1.13.0,Saturday,0.13999999999999999,0.14,0.0,0,1,2,0.0,0 (exact tie),0.03,0.09,1.0,0,0.12,0.13,0.13,0.12,0.14,0.13999999999999999,0.13,0.09
main:2085-03-25,main,0,1,q0,2085-03-25,Sunday,jev-1.13.0,Tuesday,0.14,0.14,0.0,0,0,1,0.01,<=0.01,0.01,0.11,1.0,0,0.12,0.14,0.13,0.12,0.13,0.13,0.12,0.11
main:2085-04-06,main,0,1,q0,2085-04-06,Friday,jev-1.13.0,Tuesday,0.15000000000000002,0.15000000000000002,0.0,0,0,1,0.01,<=0.01,0.02,0.08,1.0,0,0.13,0.15000000000000002,0.13,0.12,0.13,0.14,0.12,0.08
main:2085-04-09,main,0,1,q0,2085-04-09,Monday,jev-1.13.0,Tuesday,0.13,0.14,0.01,1,0,1,0.01,<=0.01,0.01,0.11,1.0,0,0.12,0.13,0.13,0.12,0.14,0.13,0.12,0.11
main:2085-05-04,main,0,1,q0,2085-05-04,Friday,jev-1.13.0,Tuesday,0.14,0.14,0.0,0,1,2,0.0,0 (exact tie),0.02,0.09,1.0,0,0.13,0.14,0.13,0.13,0.14,0.13,0.11,0.09
main:2085-05-15,main,0,1,q0,2085-05-15,Tuesday,jev-1.13.0,Tuesday,0.14,0.14,0.0,0,0,1,0.01,<=0.01,0.01,0.11,1.0,1,0.12,0.14,0.13,0.12,0.13,0.13,0.12,0.11
main:2085-06-07,main,0,1,q0,2085-06-07,Thursday,jev-1.13.0,Saturday,0.14,0.14,0.0,0,1,2,0.0,0 (exact tie),0.02,0.08,1.0,0,0.13,0.13,0.13,0.12,0.14,0.14,0.13,0.08
main:2085-06-25,main,0,1,q0,2085-06-25,Monday,jev-1.13.0,Saturday,0.14,0.14,0.0,0,0,1,0.01,<=0.01,0.01,0.1,1.0,0,0.13,0.13,0.13,0.12,0.13,0.14,0.12,0.1
main:2085-06-27,main,0,1,q0,2085-06-27,Wednesday,jev-1.13.0,Saturday,0.14,0.15000000000000002,0.01,1,0,1,0.01,<=0.01,0.02,0.08,1.0,0,0.12,0.15000000000000002,0.13,0.12,0.14,0.14,0.12,0.08
main:2085-07-10,main,0,1,q0,2085-07-10,Tuesday,jev-1.13.0,Friday,0.15000000000000002,0.15000000000000002,0.0,0,0,1,0.02,>0.01,0.01,0.1,1.0,0,0.12,0.13,0.13,0.12,0.15000000000000002,0.13,0.12,0.1
main:2085-10-01,main,0,1,q0,2085-10-01,Monday,jev-1.13.0,Tuesday,0.13,0.14,0.01,1,0,1,0.01,<=0.01,0.01,0.1,1.0,0,0.12,0.13,0.14,0.12,0.13,0.13,0.13,0.1
main:2085-10-06,main,0,1,q0,2085-10-06,Saturday,jev-1.13.0,Wednesday,0.14,0.14,0.0,0,0,1,0.01,<=0.01,0.01,0.09,1.0,0,0.13,0.13,0.14,0.12,0.13,0.13,0.13,0.09
main:2085-10-11,main,0,1,q0,2085-10-11,Thursday,jev-1.13.0,Wednesday,0.13,0.14,0.01,1,0,1,0.01,<=0.01,0.02,0.09,1.0,0,0.13,0.14,0.13,0.13,0.13,0.13,0.12,0.09
main:2085-10-27,main,0,1,q0,2085-10-27,Saturday,jev-1.13.0,Saturday,0.14,0.14,0.0,0,1,2,0.0,0 (exact tie),0.01,0.1,1.0,1,0.12,0.13,0.13,0.12,0.14,0.14,0.12,0.1
main:2085-11-11,main,0,1,q0,2085-11-11,Sunday,jev-1.13.0,Tuesday,0.13,0.14,0.01,1,0,1,0.01,<=0.01,0.02,0.1,1.0,0,0.13,0.13,0.13,0.12,0.14,0.13,0.12,0.1
main:2086-01-18,main,0,1,q0,2086-01-18,Friday,jev-1.13.0,Monday,0.13,0.13,0.0,0,1,5,0.0,0 (exact tie),0.01,0.13,1.0,0,0.13,0.13,0.12,0.11,0.13,0.13,0.12,0.13
main:2086-01-29,main,0,1,q0,2086-01-29,Tuesday,jev-1.13.0,Tuesday,0.14,0.14,0.0,0,1,4,0.0,0 (exact tie),0.02,0.07,1.0,1,0.14,0.14,0.14,0.12,0.13,0.14,0.12,0.07
main:2086-02-09,main,0,1,q0,2086-02-09,Saturday,jev-1.13.0,Tuesday,0.14,0.14,0.0,0,0,1,0.01,<=0.01,0.02,0.09,1.0,0,0.13,0.14,0.13,0.12,0.13,0.13,0.13,0.09
main:2086-02-18,main,0,1,q0,2086-02-18,Monday,jev-1.13.0,Tuesday,0.15000000000000002,0.15000000000000002,0.0,0,0,1,0.02,>0.01,0.01,0.09,1.0,0,0.13,0.15000000000000002,0.13,0.12,0.13,0.13,0.12,0.09
main:2086-07-29,main,0,1,q0,2086-07-29,Monday,jev-1.13.0,Saturday,0.14,0.14,0.0,0,1,2,0.0,0 (exact tie),0.01,0.09,1.0,0,0.13,0.14,0.13,0.12,0.13,0.14,0.12,0.09
main:2086-07-30,main,0,1,q0,2086-07-30,Tuesday,jev-1.13.0,Friday,0.14,0.14,0.0,0,1,3,0.0,0 (exact tie),0.02,0.08,1.0,0,0.14,0.13,0.13,0.12,0.14,0.14,0.12,0.08
main:2086-08-17,main,0,1,q0,2086-08-17,Saturday,jev-1.13.0,Friday,0.14,0.14,0.0,0,0,1,0.01,<=0.01,0.01,0.1,1.0,0,0.13,0.13,0.13,0.12,0.14,0.13,0.12,0.1
main:2086-08-30,main,0,1,q0,2086-08-30,Friday,jev-1.13.0,Friday,0.14,0.15000000000000002,0.01,1,0,1,0.01,<=0.01,0.02,0.08,1.0,1,0.13,0.13,0.13,0.12,0.14,0.15000000000000002,0.12,0.08
main:2086-09-06,main,0,1,q0,2086-09-06,Friday,jev-1.13.0,Friday,0.14,0.14,0.0,0,0,1,0.01,<=0.01,0.02,0.11,1.0,1,0.13,0.13,0.12,0.12,0.14,0.13,0.12,0.11
main:2086-10-23,main,0,1,q0,2086-10-23,Wednesday,jev-1.13.0,Friday,0.13,0.13,0.0,0,1,4,0.0,0 (exact tie),0.01,0.13,1.0,0,0.12,0.13,0.12,0.12,0.13,0.13,0.12,0.13
main:2086-11-14,main,0,1,q0,2086-11-14,Thursday,jev-1.13.0,Friday,0.13,0.13,0.0,0,1,5,0.0,0 (exact tie),0.01,0.11,1.0,0,0.13,0.13,0.13,0.12,0.13,0.13,0.12,0.11
main:2087-03-02,main,0,1,q0,2087-03-02,Sunday,jev-1.13.0,Tuesday,0.15,0.15,0.0,0,0,1,0.02,>0.01,0.02,0.1,1.0,0,0.13,0.15,0.13,0.11,0.13,0.13,0.12,0.1
main:2087-04-02,main,0,1,q0,2087-04-02,Wednesday,jev-1.13.0,Tuesday,0.14,0.14,0.0,0,0,1,0.01,<=0.01,0.02,0.1,1.0,0,0.13,0.14,0.13,0.12,0.13,0.13,0.12,0.1
main:2087-06-25,main,0,1,q0,2087-06-25,Wednesday,jev-1.13.0,Friday,0.15000000000000002,0.15000000000000002,0.0,0,0,1,0.02,>0.01,0.02,0.13,1.0,0,0.12,0.13,0.12,0.11,0.15000000000000002,0.13,0.11,0.13
main:2087-07-03,main,0,1,q0,2087-07-03,Thursday,jev-1.13.0,Friday,0.13,0.14,0.01,1,0,1,0.01,<=0.01,0.01,0.12,1.0,0,0.13,0.14,0.12,0.11,0.13,0.13,0.12,0.12
main:2087-07-30,main,0,1,q0,2087-07-30,Wednesday,jev-1.13.0,Friday,0.14,0.14,0.0,0,1,3,0.0,0 (exact tie),0.02,0.07,1.0,0,0.13,0.14,0.13,0.12,0.14,0.14,0.13,0.07
main:2087-08-06,main,0,1,q0,2087-08-06,Wednesday,jev-1.13.0,Saturday,0.15000000000000002,0.15000000000000002,0.0,0,0,1,0.01,<=0.01,0.02,0.1,1.0,0,0.12,0.13,0.13,0.11,0.14,0.15000000000000002,0.12,0.1
main:2087-08-07,main,0,1,q0,2087-08-07,Thursday,jev-1.13.0,Saturday,0.14,0.14,0.0,0,1,2,0.0,0 (exact tie),0.02,0.09,1.0,0,0.12,0.13,0.13,0.12,0.14,0.14,0.13,0.09
main:2087-08-11,main,0,1,q0,2087-08-11,Monday,jev-1.13.0,Friday,0.14,0.14,0.0,0,1,3,0.0,0 (exact tie),0.02,0.08,1.0,0,0.13,0.14,0.13,0.12,0.14,0.14,0.12,0.08
main:2087-09-01,main,0,1,q0,2087-09-01,Monday,jev-1.13.0,Friday,0.13,0.13,0.0,0,1,4,0.0,0 (exact tie),0.01,0.12,1.0,0,0.13,0.12000000000000001,0.12000000000000001,0.12,0.13,0.13,0.13,0.12
main:2087-09-06,main,0,1,q0,2087-09-06,Saturday,jev-1.13.0,Friday,0.15000000000000002,0.15000000000000002,0.0,0,0,1,0.02,>0.01,0.02,0.11,1.0,0,0.12,0.13,0.13,0.11,0.15000000000000002,0.13,0.12,0.11
main:2087-10-20,main,0,1,q0,2087-10-20,Monday,jev-1.13.0,Friday,0.14,0.15000000000000002,0.01,1,0,1,0.01,<=0.01,0.01,0.1,1.0,0,0.12,0.15000000000000002,0.13,0.12,0.14,0.13,0.11,0.1
main:2087-11-07,main,0,1,q0,2087-11-07,Friday,jev-1.13.0,Friday,0.15000000000000002,0.15000000000000002,0.0,0,0,1,0.01,<=0.01,0.02,0.1,1.0,1,0.12,0.13,0.14,0.11,0.15000000000000002,0.13,0.12,0.1
main:2088-02-11,main,0,1,q0,2088-02-11,Wednesday,jev-1.13.0,Saturday,0.14,0.14,0.0,0,0,1,0.01,<=0.01,0.02,0.09,1.0,0,0.13,0.13,0.13,0.12,0.13,0.14,0.13,0.09
main:2088-02-21,main,0,1,q0,2088-02-21,Saturday,jev-1.13.0,Saturday,0.14,0.14,0.0,0,1,2,0.0,0 (exact tie),0.02,0.08,1.0,1,0.13,0.14,0.13,0.12,0.13,0.14,0.13,0.08
main:2088-03-03,main,0,1,q0,2088-03-03,Wednesday,jev-1.13.0,Tuesday,0.14,0.14,0.0,0,1,2,0.0,0 (exact tie),0.02,0.1,1.0,0,0.14,0.14,0.13,0.11,0.12,0.13,0.13,0.1
main:2088-03-23,main,0,1,q0,2088-03-23,Tuesday,jev-1.13.0,Tuesday,0.14,0.14,0.0,0,1,3,0.0,0 (exact tie),0.02,0.07,1.0,1,0.13,0.14,0.14,0.12,0.13,0.14,0.13,0.07
main:2088-05-14,main,0,1,q0,2088-05-14,Friday,jev-1.13.0,Tuesday,0.14,0.14,0.0,0,1,2,0.0,0 (exact tie),0.01,0.07,1.0,0,0.14,0.14,0.13,0.13,0.13,0.13,0.13,0.07
main:2088-07-10,main,0,1,q0,2088-07-10,Saturday,jev-1.13.0,Tuesday,0.15000000000000002,0.15000000000000002,0.0,0,0,1,0.01,<=0.01,0.02,0.08,1.0,0,0.13,0.15000000000000002,0.13,0.12,0.13,0.14,0.12,0.08
main:2088-07-16,main,0,1,q0,2088-07-16,Friday,jev-1.13.0,Saturday,0.14,0.15000000000000002,0.01,1,0,1,0.01,<=0.01,0.02,0.09,1.0,0,0.13,0.15000000000000002,0.13,0.11,0.13,0.14,0.12,0.09
main:2088-07-31,main,0,1,q0,2088-07-31,Saturday,jev-1.13.0,Saturday,0.14,0.14,0.0,0,1,2,0.0,0 (exact tie),0.02,0.08,1.0,1,0.13,0.13,0.13,0.12,0.14,0.14,0.13,0.08
main:2088-08-20,main,0,1,q0,2088-08-20,Friday,jev-1.13.0,Saturday,0.13,0.14,0.01,1,0,1,0.01,<=0.01,0.02,0.1,1.0,0,0.14,0.13,0.13,0.12,0.13,0.13,0.12,0.1
main:2088-09-09,main,0,1,q0,2088-09-09,Thursday,jev-1.13.0,Saturday,0.14,0.14,0.0,0,1,2,0.0,0 (exact tie),0.01,0.08,1.0,0,0.13,0.14,0.13,0.12,0.13,0.14,0.13,0.08
main:2088-11-27,main,0,1,q0,2088-11-27,Saturday,jev-1.13.0,Saturday,0.14,0.14,0.0,0,1,2,0.0,0 (exact tie),0.02,0.08,1.0,1,0.13,0.12,0.13,0.13,0.13,0.14,0.14,0.08
main:2088-11-28,main,0,1,q0,2088-11-28,Sunday,jev-1.13.0,Saturday,0.14,0.14,0.0,0,0,1,0.01,<=0.01,0.02,0.08,1.0,0,0.13,0.13,0.13,0.13,0.13,0.14,0.13,0.08
main:2088-12-13,main,0,1,q0,2088-12-13,Monday,jev-1.13.0,Monday,0.15000000000000002,0.15000000000000002,0.0,0,0,1,0.02,>0.01,0.01,0.1,1.0,1,0.15000000000000002,0.13,0.13,0.11,0.13,0.13,0.12,0.1
main:2089-01-12,main,0,1,q0,2089-01-12,Wednesday,jev-1.13.0,Tuesday,0.15000000000000002,0.15000000000000002,0.0,0,0,1,0.02,>0.01,0.02,0.09,1.0,0,0.13,0.15000000000000002,0.13,0.12,0.13,0.13,0.12,0.09
main:2089-01-22,main,0,1,q0,2089-01-22,Saturday,jev-1.13.0,Saturday,0.14,0.14,0.0,0,1,2,0.0,0 (exact tie),0.02,0.08,1.0,1,0.13,0.14,0.13,0.12,0.13,0.14,0.13,0.08
main:2089-02-01,main,0,1,q0,2089-02-01,Tuesday,jev-1.13.0,Tuesday,0.13,0.13,0.0,0,1,5,0.0,0 (exact tie),0.01,0.12,1.0,1,0.13,0.13,0.12,0.11,0.13,0.13,0.13,0.12
main:2089-02-14,main,0,1,q0,2089-02-14,Monday,jev-1.13.0,Tuesday,0.13,0.14,0.01,1,0,1,0.01,<=0.01,0.02,0.09,1.0,0,0.13,0.13,0.13,0.12,0.14,0.13,0.13,0.09
main:2089-02-19,main,0,1,q0,2089-02-19,Saturday,jev-1.13.0,Friday,0.14,0.14,0.0,0,0,1,0.01,<=0.01,0.02,0.11,1.0,0,0.12,0.13,0.12,0.12,0.14,0.13,0.13,0.11
main:2089-03-19,main,0,1,q0,2089-03-19,Saturday,jev-1.13.0,Tuesday,0.15000000000000002,0.15000000000000002,0.0,0,0,1,0.01,<=0.01,0.02,0.09,1.0,0,0.12,0.15000000000000002,0.13,0.12,0.13,0.14,0.12,0.09
main:2089-05-03,main,0,1,q0,2089-05-03,Tuesday,jev-1.13.0,Tuesday,0.15000000000000002,0.15000000000000002,0.0,0,0,1,0.01,<=0.01,0.02,0.09,1.0,1,0.12,0.15000000000000002,0.14,0.12,0.13,0.13,0.12,0.09
main:2089-05-04,main,0,1,q0,2089-05-04,Wednesday,jev-1.13.0,Saturday,0.14,0.14,0.0,0,0,1,0.01,<=0.01,0.02,0.09,1.0,0,0.13,0.13,0.13,0.13,0.13,0.14,0.12,0.09
main:2089-05-05,main,0,1,q0,2089-05-05,Thursday,jev-1.13.0,Saturday,0.14,0.15000000000000002,0.01,1,0,1,0.01,<=0.01,0.02,0.08,1.0,0,0.12,0.15000000000000002,0.13,0.12,0.14,0.14,0.12,0.08
main:2089-06-01,main,0,1,q0,2089-06-01,Wednesday,jev-1.13.0,Tuesday,0.13,0.13,0.0,0,1,5,0.0,0 (exact tie),0.01,0.11,1.0,0,0.13,0.13,0.13,0.12,0.13,0.13,0.12,0.11
main:2089-07-16,main,0,1,q0,2089-07-16,Saturday,jev-1.13.0,Friday,0.13,0.13,0.0,0,1,5,0.0,0 (exact tie),0.01,0.11,1.0,0,0.13,0.13,0.13,0.12,0.13,0.13,0.12,0.11
main:2089-07-22,main,0,1,q0,2089-07-22,Friday,jev-1.13.0,Saturday,0.15000000000000002,0.15000000000000002,0.0,0,1,2,0.0,0 (exact tie),0.02,0.08,1.0,0,0.12,0.13,0.13,0.12,0.15000000000000002,0.15000000000000002,0.12,0.08
main:2089-09-11,main,0,1,q0,2089-09-11,Sunday,jev-1.13.0,Tuesday,0.14,0.14,0.0,0,1,3,0.0,0 (exact tie),0.01,0.11,1.0,0,0.12,0.14,0.12,0.11,0.14,0.14,0.12,0.11
main:2089-12-07,main,0,1,q0,2089-12-07,Wednesday,jev-1.13.0,Saturday,0.14,0.14,0.0,0,1,4,0.0,0 (exact tie),0.02,0.07,1.0,0,0.13,0.14,0.14,0.12,0.14,0.14,0.12,0.07
main:2089-12-16,main,0,1,q0,2089-12-16,Friday,jev-1.13.0,Friday,0.14,0.15000000000000002,0.01,1,0,1,0.01,<=0.01,0.02,0.08,1.0,1,0.13,0.13,0.13,0.12,0.14,0.15000000000000002,0.12,0.08
main:2089-12-21,main,0,1,q0,2089-12-21,Wednesday,jev-1.13.0,Saturday,0.14,0.14,0.0,0,1,2,0.0,0 (exact tie),0.02,0.11,1.0,0,0.12,0.12,0.13,0.11,0.14,0.14,0.13,0.11
main:2090-01-15,main,0,1,q0,2090-01-15,Sunday,jev-1.13.0,Tuesday,0.15000000000000002,0.15000000000000002,0.0,0,0,1,0.01,<=0.01,0.02,0.08,1.0,0,0.13,0.15000000000000002,0.14,0.12,0.13,0.13,0.12,0.08
main:2090-03-17,main,0,1,q0,2090-03-17,Friday,jev-1.13.0,Tuesday,0.14,0.14,0.0,0,1,2,0.0,0 (exact tie),0.02,0.1,1.0,0,0.12,0.14,0.13,0.12,0.14,0.13,0.12,0.1
main:2090-06-18,main,0,1,q0,2090-06-18,Sunday,jev-1.13.0,Friday,0.14,0.15000000000000002,0.01,1,0,1,0.01,<=0.01,0.02,0.1,1.0,0,0.12,0.13,0.12,0.12,0.14,0.15000000000000002,0.12,0.1
main:2090-06-23,main,0,1,q0,2090-06-23,Friday,jev-1.13.0,Friday,0.14,0.14,0.0,0,0,1,0.01,<=0.01,0.01,0.1,1.0,1,0.13,0.13,0.13,0.12,0.14,0.13,0.12,0.1
main:2090-07-18,main,0,1,q0,2090-07-18,Tuesday,jev-1.13.0,Friday,0.14,0.14,0.0,0,1,2,0.0,0 (exact tie),0.02,0.09,1.0,0,0.13,0.13,0.13,0.12,0.14,0.14,0.12,0.09
main:2090-10-17,main,0,1,q0,2090-10-17,Tuesday,jev-1.13.0,Friday,0.15000000000000002,0.15000000000000002,0.0,0,0,1,0.02,>0.01,0.02,0.13,1.0,0,0.12,0.13,0.12,0.11,0.15000000000000002,0.13,0.11,0.13
main:2090-10-22,main,0,1,q0,2090-10-22,Sunday,jev-1.13.0,Friday,0.14,0.15000000000000002,0.01,1,0,1,0.01,<=0.01,0.02,0.09,1.0,0,0.12,0.13,0.13,0.12,0.14,0.15000000000000002,0.12,0.09
main:2090-10-29,main,0,1,q0,2090-10-29,Sunday,jev-1.13.0,Saturday,0.15000000000000002,0.15000000000000002,0.0,0,0,1,0.01,<=0.01,0.02,0.08,1.0,0,0.12,0.13,0.13,0.13,0.14,0.15000000000000002,0.12,0.08
main:2090-10-30,main,0,1,q0,2090-10-30,Monday,jev-1.13.0,Friday,0.15000000000000002,0.15000000000000002,0.0,0,0,1,0.02,>0.01,0.02,0.09,1.0,0,0.13,0.13,0.13,0.12,0.15000000000000002,0.13,0.12,0.09
main:2091-01-15,main,0,1,q0,2091-01-15,Monday,jev-1.13.0,Tuesday,0.14,0.14,0.0,0,1,3,0.0,0 (exact tie),0.02,0.07,1.0,0,0.14,0.14,0.13,0.13,0.13,0.14,0.12,0.07
main:2091-02-27,main,0,1,q0,2091-02-27,Tuesday,jev-1.13.0,Wednesday,0.13,0.14,0.01,1,1,3,0.0,0 (exact tie),0.02,0.07,1.0,0,0.13,0.14,0.13,0.13,0.14,0.14,0.12,0.07
main:2091-03-09,main,0,1,q0,2091-03-09,Friday,jev-1.13.0,Tuesday,0.16,0.16,0.0,0,0,1,0.02,>0.01,0.03,0.08,1.0,0,0.12,0.16,0.14,0.12,0.13,0.13,0.12,0.08
main:2091-03-18,main,0,1,q0,2091-03-18,Sunday,jev-1.13.0,Tuesday,0.15000000000000002,0.15000000000000002,0.0,0,0,1,0.02,>0.01,0.02,0.09,1.0,0,0.13,0.15000000000000002,0.13,0.12,0.13,0.13,0.12,0.09
main:2091-04-10,main,0,1,q0,2091-04-10,Tuesday,jev-1.13.0,Friday,0.14,0.14,0.0,0,1,2,0.0,0 (exact tie),0.01,0.1,1.0,0,0.12,0.13,0.13,0.12,0.14,0.14,0.12,0.1
main:2091-04-12,main,0,1,q0,2091-04-12,Thursday,jev-1.13.0,Tuesday,0.14,0.15000000000000002,0.01,1,0,1,0.01,<=0.01,0.02,0.08,1.0,0,0.12,0.14,0.15000000000000002,0.12,0.13,0.14,0.12,0.08
main:2091-05-15,main,0,1,q0,2091-05-15,Tuesday,jev-1.13.0,Wednesday,0.13,0.14,0.01,1,1,2,0.0,0 (exact tie),0.01,0.09,1.0,0,0.13,0.14,0.13,0.12,0.14,0.13,0.12,0.09
main:2091-06-02,main,0,1,q0,2091-06-02,Saturday,jev-1.13.0,Tuesday,0.14,0.14,0.0,0,0,1,0.01,<=0.01,0.01,0.09,1.0,0,0.13,0.14,0.13,0.12,0.13,0.13,0.13,0.09
main:2091-06-05,main,0,1,q0,2091-06-05,Tuesday,jev-1.13.0,Friday,0.13,0.13,0.0,0,1,4,0.0,0 (exact tie),0.01,0.12,1.0,0,0.13,0.13,0.12000000000000001,0.12,0.13,0.13,0.12,0.12
main:2091-06-08,main,0,1,q0,2091-06-08,Friday,jev-1.13.0,Saturday,0.13999999999999999,0.14,0.0,0,1,3,0.0,0 (exact tie),0.02,0.08,1.0,0,0.13,0.14,0.13,0.12,0.14,0.13999999999999999,0.12,0.08
main:2091-06-25,main,0,1,q0,2091-06-25,Monday,jev-1.13.0,Friday,0.14,0.15000000000000002,0.01,1,0,1,0.01,<=0.01,0.02,0.09,1.0,0,0.13,0.15000000000000002,0.13,0.11,0.14,0.13,0.12,0.09
main:2091-07-10,main,0,1,q0,2091-07-10,Tuesday,jev-1.13.0,Tuesday,0.13,0.14,0.01,1,1,2,0.0,0 (exact tie),0.02,0.08,1.0,1,0.13,0.13,0.13,0.13,0.14,0.14,0.12,0.08
main:2091-07-11,main,0,1,q0,2091-07-11,Wednesday,jev-1.13.0,Tuesday,0.14,0.14,0.0,0,1,2,0.0,0 (exact tie),0.02,0.09,1.0,0,0.13,0.14,0.13,0.12,0.14,0.13,0.12,0.09
main:2091-07-14,main,0,1,q0,2091-07-14,Saturday,jev-1.13.0,Wednesday,0.14,0.14,0.0,0,0,1,0.01,<=0.01,0.01,0.1,1.0,0,0.13,0.13,0.14,0.12,0.13,0.13,0.12,0.1
main:2091-07-17,main,0,1,q0,2091-07-17,Tuesday,jev-1.13.0,Friday,0.15000000000000002,0.15000000000000002,0.0,0,0,1,0.02,>0.01,0.01,0.1,1.0,0,0.13,0.13,0.13,0.11,0.15000000000000002,0.13,0.12,0.1
main:2091-08-03,main,0,1,q0,2091-08-03,Friday,jev-1.13.0,Saturday,0.14,0.14,0.0,0,0,1,0.01,<=0.01,0.01,0.09,1.0,0,0.13,0.13,0.13,0.12,0.13,0.14,0.13,0.09
main:2091-08-12,main,0,1,q0,2091-08-12,Sunday,jev-1.13.0,Friday,0.15000000000000002,0.15000000000000002,0.0,0,0,1,0.02,>0.01,0.02,0.12,1.0,0,0.12,0.13,0.12,0.11,0.15000000000000002,0.13,0.12,0.12
main:2091-08-13,main,0,1,q0,2091-08-13,Monday,jev-1.13.0,Friday,0.13,0.14,0.01,1,0,1,0.01,<=0.01,0.01,0.09,1.0,0,0.13,0.13,0.14,0.12,0.13,0.13,0.13,0.09
main:2091-09-11,main,0,1,q0,2091-09-11,Tuesday,jev-1.13.0,Tuesday,0.13,0.13,0.0,0,1,6,0.0,0 (exact tie),0.01,0.1,1.0,1,0.13,0.13,0.13,0.12,0.13,0.13,0.13,0.1
main:2091-10-02,main,0,1,q0,2091-10-02,Tuesday,jev-1.13.0,Tuesday,0.14,0.14,0.0,0,0,1,0.01,<=0.01,0.01,0.09,1.0,1,0.13,0.14,0.13,0.12,0.13,0.13,0.13,0.09
main:2091-10-04,main,0,1,q0,2091-10-04,Thursday,jev-1.13.0,Tuesday,0.14,0.14,0.0,0,1,2,0.0,0 (exact tie),0.01,0.08,1.0,0,0.13,0.14,0.13,0.12,0.13,0.14,0.13,0.08
main:2091-10-28,main,0,1,q0,2091-10-28,Sunday,jev-1.13.0,Saturday,0.14,0.14,0.0,0,1,2,0.0,0 (exact tie),0.02,0.08,1.0,0,0.13,0.13,0.13,0.12,0.14,0.14,0.13,0.08
main:2091-12-06,main,0,1,q0,2091-12-06,Thursday,jev-1.13.0,Saturday,0.14,0.14,0.0,0,1,2,0.0,0 (exact tie),0.01,0.09,1.0,0,0.13,0.13,0.13,0.12,0.14,0.14,0.12,0.09
main:2091-12-23,main,0,1,q0,2091-12-23,Sunday,jev-1.13.0,Saturday,0.13,0.13,0.0,0,1,6,0.0,0 (exact tie),0.01,0.1,1.0,0,0.13,0.13,0.13,0.12,0.13,0.13,0.13,0.1
main:2091-12-25,main,0,1,q0,2091-12-25,Tuesday,jev-1.13.0,Saturday,0.15,0.15,0.0,0,0,1,0.01,<=0.01,0.03,0.08,1.0,0,0.13,0.12,0.13,0.12,0.14,0.15,0.13,0.08
main:2092-01-27,main,0,1,q0,2092-01-27,Sunday,jev-1.13.0,Tuesday,0.14,0.15000000000000002,0.01,1,0,1,0.01,<=0.01,0.02,0.06,1.0,0,0.14,0.14,0.15000000000000002,0.12,0.13,0.14,0.12,0.06
main:2092-06-06,main,0,1,q0,2092-06-06,Friday,jev-1.13.0,Saturday,0.14,0.14,0.0,0,1,3,0.0,0 (exact tie),0.02,0.08,1.0,0,0.13,0.14,0.13,0.12,0.14,0.14,0.12,0.08
main:2092-07-30,main,0,1,q0,2092-07-30,Wednesday,jev-1.13.0,Saturday,0.13999999999999999,0.14,0.0,0,1,2,0.0,0 (exact tie),0.03,0.08,1.0,0,0.13,0.13,0.13,0.12,0.14,0.13999999999999999,0.13,0.08
main:2092-08-08,main,0,1,q0,2092-08-08,Friday,jev-1.13.0,Saturday,0.13999999999999999,0.14,0.0,0,1,3,0.0,0 (exact tie),0.02,0.08,1.0,0,0.13,0.14,0.13,0.11,0.14,0.13999999999999999,0.13,0.08
main:2092-08-18,main,0,1,q0,2092-08-18,Monday,jev-1.13.0,Friday,0.14,0.14,0.0,0,0,1,0.01,<=0.01,0.01,0.09,1.0,0,0.13,0.13,0.13,0.12,0.14,0.13,0.13,0.09
main:2092-10-22,main,0,1,q0,2092-10-22,Wednesday,jev-1.13.0,Saturday,0.15000000000000002,0.15000000000000002,0.0,0,0,1,0.02,>0.01,0.02,0.11,1.0,0,0.12,0.13,0.12,0.12,0.13,0.15000000000000002,0.12,0.11
main:2092-12-19,main,0,1,q0,2092-12-19,Friday,jev-1.13.0,Saturday,0.15,0.15,0.0,0,0,1,0.01,<=0.01,0.02,0.09,1.0,0,0.12,0.13,0.13,0.12,0.14,0.15,0.12,0.09
main:2093-03-10,main,0,1,q0,2093-03-10,Tuesday,jev-1.13.0,Tuesday,0.16,0.16,0.0,0,0,1,0.03,>0.01,0.02,0.1,1.0,1,0.12,0.16,0.13,0.12,0.13,0.13,0.11,0.1
main:2093-04-07,main,0,1,q0,2093-04-07,Tuesday,jev-1.13.0,Tuesday,0.14,0.14,0.0,0,1,2,0.0,0 (exact tie),0.02,0.08,1.0,1,0.13,0.14,0.13,0.12,0.13,0.14,0.13,0.08
main:2093-04-17,main,0,1,q0,2093-04-17,Friday,jev-1.13.0,Tuesday,0.14,0.14,0.0,0,1,2,0.0,0 (exact tie),0.02,0.08,1.0,0,0.13,0.14,0.13,0.13,0.13,0.14,0.12,0.08
main:2093-04-18,main,0,1,q0,2093-04-18,Saturday,jev-1.13.0,Tuesday,0.14,0.14,0.0,0,1,3,0.0,0 (exact tie),0.02,0.08,1.0,0,0.12,0.14,0.14,0.13,0.14,0.13,0.12,0.08
main:2093-04-25,main,0,1,q0,2093-04-25,Saturday,jev-1.13.0,Tuesday,0.15,0.15,0.0,0,0,1,0.01,<=0.01,0.02,0.07,1.0,0,0.12,0.15,0.14,0.13,0.13,0.14,0.12,0.07
main:2093-07-05,main,0,1,q0,2093-07-05,Sunday,jev-1.13.0,Friday,0.14,0.15000000000000002,0.01,1,0,1,0.01,<=0.01,0.02,0.08,1.0,0,0.13,0.15000000000000002,0.13,0.12,0.14,0.13,0.12,0.08
main:2093-07-13,main,0,1,q0,2093-07-13,Monday,jev-1.13.0,Saturday,0.14,0.14,0.0,0,1,3,0.0,0 (exact tie),0.02,0.08,1.0,0,0.13,0.14,0.13,0.12,0.14,0.14,0.12,0.08
main:2093-07-24,main,0,1,q0,2093-07-24,Friday,jev-1.13.0,Saturday,0.14,0.14,0.0,0,1,2,0.0,0 (exact tie),0.02,0.09,1.0,0,0.13,0.13,0.13,0.12,0.14,0.14,0.12,0.09
main:2093-07-31,main,0,1,q0,2093-07-31,Friday,jev-1.13.0,Friday,0.14,0.14,0.0,0,1,3,0.0,0 (exact tie),0.02,0.08,1.0,1,0.13,0.14,0.13,0.12,0.14,0.14,0.12,0.08
main:2093-09-19,main,0,1,q0,2093-09-19,Saturday,jev-1.13.0,Saturday,0.14,0.14,0.0,0,1,2,0.0,0 (exact tie),0.01,0.09,1.0,1,0.13,0.14,0.13,0.12,0.13,0.14,0.12,0.09
main:2093-09-28,main,0,1,q0,2093-09-28,Monday,jev-1.13.0,Saturday,0.14,0.14,0.0,0,1,2,0.0,0 (exact tie),0.02,0.08,1.0,0,0.13,0.13,0.13,0.13,0.14,0.14,0.12,0.08
main:2093-10-12,main,0,1,q0,2093-10-12,Monday,jev-1.13.0,Tuesday,0.14,0.14,0.0,0,1,2,0.0,0 (exact tie),0.02,0.08,1.0,0,0.13,0.14,0.13,0.13,0.13,0.14,0.12,0.08
main:2093-11-05,main,0,1,q0,2093-11-05,Thursday,jev-1.13.0,Friday,0.14,0.14,0.0,0,0,1,0.01,<=0.01,0.02,0.1,1.0,0,0.13,0.13,0.13,0.12,0.14,0.13,0.12,0.1
main:2093-11-08,main,0,1,q0,2093-11-08,Sunday,jev-1.13.0,Friday,0.14,0.14,0.0,0,0,1,0.01,<=0.01,0.01,0.1,1.0,0,0.13,0.13,0.13,0.12,0.14,0.13,0.12,0.1
main:2093-12-19,main,0,1,q0,2093-12-19,Saturday,jev-1.13.0,Friday,0.14,0.14,0.0,0,1,2,0.0,0 (exact tie),0.02,0.09,1.0,0,0.13,0.13,0.13,0.12,0.14,0.14,0.12,0.09
main:2094-01-04,main,0,1,q0,2094-01-04,Monday,jev-1.13.0,Monday,0.15,0.15,0.0,0,1,2,0.0,0 (exact tie),0.03,0.06,1.0,1,0.15,0.15,0.13999999999999999,0.12,0.12,0.14,0.12,0.06
main:2094-01-11,main,0,1,q0,2094-01-11,Monday,jev-1.13.0,Tuesday,0.13999999999999999,0.14,0.0,0,1,4,0.0,0 (exact tie),0.02,0.07,1.0,0,0.14,0.13999999999999999,0.14,0.12,0.13,0.14,0.12,0.07
main:2094-02-23,main,0,1,q0,2094-02-23,Tuesday,jev-1.13.0,Wednesday,0.14,0.14,0.0,0,1,3,0.0,0 (exact tie),0.02,0.08,1.0,0,0.13,0.14,0.14,0.12,0.13,0.14,0.12,0.08
main:2094-03-17,main,0,1,q0,2094-03-17,Wednesday,jev-1.13.0,Tuesday,0.14,0.14,0.0,0,1,2,0.0,0 (exact tie),0.02,0.1,1.0,0,0.12,0.14,0.14,0.12,0.13,0.13,0.12,0.1
main:2094-03-21,main,0,1,q0,2094-03-21,Sunday,jev-1.13.0,Tuesday,0.14,0.14,0.0,0,1,2,0.0,0 (exact tie),0.02,0.08,1.0,0,0.13,0.14,0.13,0.12,0.13,0.14,0.13,0.08
main:2094-06-08,main,0,1,q0,2094-06-08,Tuesday,jev-1.13.0,Tuesday,0.14,0.14,0.0,0,1,4,0.0,0 (exact tie),0.02,0.07,0.99,1,0.13,0.14,0.14,0.12,0.14,0.14,0.11,0.07
main:2094-06-14,main,0,1,q0,2094-06-14,Monday,jev-1.13.0,Tuesday,0.14,0.14,0.0,0,1,2,0.0,0 (exact tie),0.02,0.09,1.0,0,0.13,0.14,0.14,0.12,0.13,0.13,0.12,0.09
main:2094-06-23,main,0,1,q0,2094-06-23,Wednesday,jev-1.13.0,Friday,0.14,0.14,0.0,0,1,2,0.0,0 (exact tie),0.02,0.09,1.0,0,0.13,0.13,0.13,0.12,0.14,0.14,0.12,0.09
main:2094-07-12,main,0,1,q0,2094-07-12,Monday,jev-1.13.0,Tuesday,0.14,0.14,0.0,0,1,2,0.0,0 (exact tie),0.02,0.09,1.0,0,0.13,0.14,0.13,0.12,0.14,0.13,0.12,0.09
main:2094-08-17,main,0,1,q0,2094-08-17,Tuesday,jev-1.13.0,Tuesday,0.14,0.14,0.0,0,1,3,0.0,0 (exact tie),0.02,0.08,1.0,1,0.13,0.14,0.13,0.12,0.14,0.14,0.12,0.08
main:2094-09-05,main,0,1,q0,2094-09-05,Sunday,jev-1.13.0,Friday,0.15000000000000002,0.15000000000000002,0.0,0,0,1,0.02,>0.01,0.01,0.09,1.0,0,0.13,0.13,0.13,0.11,0.15000000000000002,0.13,0.13,0.09
main:2094-10-18,main,0,1,q0,2094-10-18,Monday,jev-1.13.0,Tuesday,0.14,0.14,0.0,0,1,2,0.0,0 (exact tie),0.02,0.09,1.0,0,0.13,0.14,0.14,0.12,0.13,0.13,0.12,0.09
main:2094-12-27,main,0,1,q0,2094-12-27,Monday,jev-1.13.0,Saturday,0.14,0.14,0.0,0,1,3,0.0,0 (exact tie),0.02,0.07,1.0,0,0.14,0.14,0.13,0.12,0.13,0.14,0.13,0.07
main:2095-02-13,main,0,1,q0,2095-02-13,Sunday,jev-1.13.0,Tuesday,0.14,0.14,0.0,0,1,2,0.0,0 (exact tie),0.02,0.1,1.0,0,0.12,0.14,0.13,0.12,0.14,0.13,0.12,0.1
main:2095-03-07,main,0,1,q0,2095-03-07,Monday,jev-1.13.0,Tuesday,0.13999999999999999,0.14,0.0,0,1,3,0.0,0 (exact tie),0.02,0.08,1.0,0,0.13,0.13999999999999999,0.13,0.12,0.14,0.14,0.12,0.08
main:2095-04-11,main,0,1,q0,2095-04-11,Monday,jev-1.13.0,Tuesday,0.13,0.14,0.01,1,1,2,0.0,0 (exact tie),0.02,0.09,1.0,0,0.13,0.13,0.13,0.12,0.14,0.14,0.12,0.09
main:2095-05-14,main,0,1,q0,2095-05-14,Saturday,jev-1.13.0,Tuesday,0.14,0.14,0.0,0,1,3,0.0,0 (exact tie),0.02,0.07,1.0,0,0.13,0.14,0.14,0.13,0.13,0.14,0.12,0.07
main:2095-06-11,main,0,1,q0,2095-06-11,Saturday,jev-1.13.0,Tuesday,0.14,0.14,0.0,0,1,2,0.0,0 (exact tie),0.02,0.09,1.0,0,0.13,0.14,0.13,0.13,0.14,0.13,0.11,0.09
main:2095-07-18,main,0,1,q0,2095-07-18,Monday,jev-1.13.0,Tuesday,0.15000000000000002,0.15000000000000002,0.0,0,0,1,0.02,>0.01,0.01,0.09,1.0,0,0.13,0.15000000000000002,0.13,0.12,0.13,0.13,0.12,0.09
main:2095-09-16,main,0,1,q0,2095-09-16,Friday,jev-1.13.0,Wednesday,0.13,0.14,0.01,1,0,1,0.01,<=0.01,0.01,0.09,1.0,0,0.13,0.14,0.13,0.12,0.13,0.13,0.13,0.09
main:2095-10-01,main,0,1,q0,2095-10-01,Saturday,jev-1.13.0,Friday,0.14,0.14,0.0,0,0,1,0.01,<=0.01,0.01,0.1,1.0,0,0.13,0.13,0.13,0.12,0.14,0.13,0.12,0.1
main:2095-10-11,main,0,1,q0,2095-10-11,Tuesday,jev-1.13.0,Tuesday,0.13,0.14,0.01,1,1,2,0.0,0 (exact tie),0.02,0.09,1.0,1,0.12,0.13,0.13,0.13,0.14,0.14,0.12,0.09
main:2095-11-07,main,0,1,q0,2095-11-07,Monday,jev-1.13.0,Friday,0.14,0.14,0.0,0,1,2,0.0,0 (exact tie),0.02,0.09,1.0,0,0.13,0.13,0.13,0.12,0.14,0.14,0.12,0.09
main:2095-11-09,main,0,1,q0,2095-11-09,Wednesday,jev-1.13.0,Tuesday,0.14,0.14,0.0,0,1,3,0.0,0 (exact tie),0.02,0.08,1.0,0,0.13,0.14,0.13,0.12,0.14,0.14,0.12,0.08
main:2095-11-21,main,0,1,q0,2095-11-21,Monday,jev-1.13.0,Saturday,0.14,0.14,0.0,0,1,2,0.0,0 (exact tie),0.02,0.08,1.0,0,0.13,0.13,0.13,0.12,0.14,0.14,0.13,0.08
main:2095-11-27,main,0,1,q0,2095-11-27,Sunday,jev-1.13.0,Friday,0.14,0.14,0.0,0,0,1,0.01,<=0.01,0.02,0.1,1.0,0,0.12,0.13,0.13,0.13,0.14,0.13,0.12,0.1
main:2095-12-02,main,0,1,q0,2095-12-02,Friday,jev-1.13.0,Friday,0.14,0.14,0.0,0,1,2,0.0,0 (exact tie),0.02,0.09,1.0,1,0.13,0.13,0.13,0.12,0.14,0.14,0.12,0.09
main:2096-02-15,main,0,1,q0,2096-02-15,Wednesday,jev-1.13.0,Saturday,0.14,0.15000000000000002,0.01,1,0,1,0.01,<=0.01,0.02,0.07,1.0,0,0.14,0.15000000000000002,0.13,0.12,0.13,0.14,0.12,0.07
main:2096-02-25,main,0,1,q0,2096-02-25,Saturday,jev-1.13.0,Saturday,0.13999999999999999,0.14,0.0,0,1,3,0.0,0 (exact tie),0.02,0.08,1.0,1,0.13,0.14,0.13,0.12,0.14,0.13999999999999999,0.12,0.08
main:2096-03-17,main,0,1,q0,2096-03-17,Saturday,jev-1.13.0,Tuesday,0.13,0.13,0.0,0,1,5,0.0,0 (exact tie),0.01,0.13,1.0,0,0.12,0.13,0.13,0.11,0.13,0.13,0.12,0.13
main:2096-04-09,main,0,1,q0,2096-04-09,Monday,jev-1.13.0,Saturday,0.14,0.15000000000000002,0.01,1,0,1,0.01,<=0.01,0.02,0.08,1.0,0,0.12,0.15000000000000002,0.13,0.12,0.13,0.14,0.13,0.08
main:2096-04-16,main,0,1,q0,2096-04-16,Monday,jev-1.13.0,Saturday,0.15000000000000002,0.15000000000000002,0.0,0,0,1,0.02,>0.01,0.02,0.08,1.0,0,0.13,0.13,0.13,0.12,0.13,0.15000000000000002,0.13,0.08
main:2096-04-28,main,0,1,q0,2096-04-28,Saturday,jev-1.13.0,Saturday,0.14,0.14,0.0,0,1,3,0.0,0 (exact tie),0.02,0.08,1.0,1,0.13,0.14,0.13,0.12,0.14,0.14,0.12,0.08
main:2096-05-17,main,0,1,q0,2096-05-17,Thursday,jev-1.13.0,Tuesday,0.14,0.14,0.0,0,1,2,0.0,0 (exact tie),0.02,0.09,1.0,0,0.13,0.14,0.13,0.11,0.13,0.14,0.13,0.09
main:2096-10-08,main,0,1,q0,2096-10-08,Monday,jev-1.13.0,Saturday,0.15,0.15,0.0,0,0,1,0.02,>0.01,0.02,0.08,1.0,0,0.13,0.13,0.13,0.12,0.13,0.15,0.13,0.08
main:2096-10-22,main,0,1,q0,2096-10-22,Monday,jev-1.13.0,Saturday,0.13999999999999999,0.14,0.0,0,1,2,0.0,0 (exact tie),0.02,0.08,1.0,0,0.13,0.13,0.13,0.12,0.14,0.13999999999999999,0.13,0.08
main:2096-11-17,main,0,1,q0,2096-11-17,Saturday,jev-1.13.0,Saturday,0.14,0.14,0.0,0,1,2,0.0,0 (exact tie),0.02,0.08,1.0,1,0.13,0.13,0.13,0.12,0.14,0.14,0.13,0.08
main:2097-02-28,main,0,1,q0,2097-02-28,Thursday,jev-1.13.0,Friday,0.15000000000000002,0.15000000000000002,0.0,0,0,1,0.02,>0.01,0.02,0.08,1.0,0,0.13,0.13,0.13,0.12,0.15000000000000002,0.13,0.13,0.08
main:2097-05-17,main,0,1,q0,2097-05-17,Friday,jev-1.13.0,Tuesday,0.14,0.14,0.0,0,1,2,0.0,0 (exact tie),0.02,0.09,1.0,0,0.13,0.14,0.13,0.12,0.14,0.13,0.12,0.09
main:2097-05-31,main,0,1,q0,2097-05-31,Friday,jev-1.13.0,Saturday,0.13999999999999999,0.15,0.01,1,0,1,0.01,<=0.01,0.02,0.07,1.0,0,0.13,0.13,0.13,0.12,0.15,0.13999999999999999,0.13,0.07
main:2097-06-17,main,0,1,q0,2097-06-17,Monday,jev-1.13.0,Saturday,0.16,0.16,0.0,0,0,1,0.02,>0.01,0.02,0.08,1.0,0,0.12,0.14,0.13,0.12,0.14,0.16,0.11,0.08
main:2097-07-19,main,0,1,q0,2097-07-19,Friday,jev-1.13.0,Saturday,0.14,0.14,0.0,0,1,2,0.0,0 (exact tie),0.02,0.09,1.0,0,0.13,0.13,0.13,0.12,0.14,0.14,0.12,0.09
main:2097-08-26,main,0,1,q0,2097-08-26,Monday,jev-1.13.0,Friday,0.14,0.14,0.0,0,1,2,0.0,0 (exact tie),0.01,0.09,1.0,0,0.13,0.13,0.13,0.12,0.14,0.14,0.12,0.09
main:2097-09-04,main,0,1,q0,2097-09-04,Wednesday,jev-1.13.0,Tuesday,0.14,0.14,0.0,0,1,3,0.0,0 (exact tie),0.02,0.08,1.0,0,0.13,0.14,0.13,0.12,0.14,0.14,0.12,0.08
main:2097-09-21,main,0,1,q0,2097-09-21,Saturday,jev-1.13.0,Friday,0.13,0.14,0.01,1,1,2,0.0,0 (exact tie),0.01,0.1,1.0,0,0.12,0.14,0.14,0.12,0.13,0.13,0.12,0.1
main:2097-10-03,main,0,1,q0,2097-10-03,Thursday,jev-1.13.0,Wednesday,0.14,0.14,0.0,0,1,2,0.0,0 (exact tie),0.01,0.09,1.0,0,0.13,0.13,0.14,0.12,0.14,0.13,0.12,0.09
main:2097-10-14,main,0,1,q0,2097-10-14,Monday,jev-1.13.0,Tuesday,0.14,0.14,0.0,0,1,2,0.0,0 (exact tie),0.02,0.09,1.0,0,0.13,0.14,0.13,0.12,0.14,0.13,0.12,0.09
main:2097-11-06,main,0,1,q0,2097-11-06,Wednesday,jev-1.13.0,Friday,0.14,0.15000000000000002,0.01,1,0,1,0.01,<=0.01,0.02,0.08,1.0,0,0.13,0.13,0.13,0.12,0.14,0.15000000000000002,0.12,0.08
main:2098-01-09,main,0,1,q0,2098-01-09,Thursday,jev-1.13.0,Tuesday,0.14,0.14,0.0,0,1,4,0.0,0 (exact tie),0.02,0.07,1.0,0,0.14,0.14,0.14,0.12,0.13,0.14,0.12,0.07
main:2098-02-01,main,0,1,q0,2098-02-01,Saturday,jev-1.13.0,Monday,0.14,0.14,0.0,0,0,1,0.01,<=0.01,0.01,0.1,1.0,0,0.14,0.13,0.13,0.11,0.13,0.13,0.13,0.1
main:2098-02-13,main,0,1,q0,2098-02-13,Thursday,jev-1.13.0,Friday,0.14,0.14,0.0,0,1,3,0.0,0 (exact tie),0.02,0.08,1.0,0,0.13,0.14,0.13,0.12,0.14,0.14,0.12,0.08
main:2098-02-23,main,0,1,q0,2098-02-23,Sunday,jev-1.13.0,Tuesday,0.14,0.14,0.0,0,1,3,0.0,0 (exact tie),0.02,0.09,1.0,0,0.12,0.14,0.13,0.12,0.14,0.14,0.12,0.09
main:2098-03-21,main,0,1,q0,2098-03-21,Friday,jev-1.13.0,Tuesday,0.13,0.14,0.01,1,0,1,0.01,<=0.01,0.02,0.1,1.0,0,0.12,0.13,0.13,0.12,0.13,0.14,0.13,0.1
main:2098-03-23,main,0,1,q0,2098-03-23,Sunday,jev-1.13.0,Tuesday,0.13,0.14,0.01,1,0,1,0.01,<=0.01,0.01,0.11,1.0,0,0.12,0.13,0.13,0.12,0.14,0.13,0.12,0.11
main:2098-06-28,main,0,1,q0,2098-06-28,Saturday,jev-1.13.0,Friday,0.15,0.15,0.0,0,0,1,0.01,<=0.01,0.02,0.08,1.0,0,0.13,0.13,0.13,0.12,0.15,0.14,0.12,0.08
main:2098-11-02,main,0,1,q0,2098-11-02,Sunday,jev-1.13.0,Saturday,0.14,0.14,0.0,0,1,3,0.0,0 (exact tie),0.02,0.07,1.0,0,0.13,0.14,0.13,0.12,0.14,0.14,0.13,0.07
main:2098-11-09,main,0,1,q0,2098-11-09,Sunday,jev-1.13.0,Friday,0.14,0.15000000000000002,0.01,1,0,1,0.01,<=0.01,0.02,0.08,1.0,0,0.12,0.15000000000000002,0.13,0.12,0.14,0.14,0.12,0.08
main:2098-11-14,main,0,1,q0,2098-11-14,Friday,jev-1.13.0,Friday,0.14,0.14,0.0,0,0,1,0.01,<=0.01,0.01,0.1,1.0,1,0.13,0.13,0.13,0.12,0.14,0.13,0.12,0.1
main:2098-12-31,main,0,1,q0,2098-12-31,Wednesday,jev-1.13.0,Saturday,0.15,0.15,0.0,0,0,1,0.01,<=0.01,0.02,0.08,1.0,0,0.14,0.13,0.12,0.11,0.14,0.15,0.13,0.08
main:2099-01-10,main,0,1,q0,2099-01-10,Saturday,jev-1.13.0,Monday,0.15,0.15,0.0,0,0,1,0.01,<=0.01,0.02,0.07,1.0,0,0.15,0.14,0.13,0.12,0.13,0.14,0.12,0.07
main:2099-01-27,main,0,1,q0,2099-01-27,Tuesday,jev-1.13.0,Saturday,0.15,0.15,0.0,0,0,1,0.01,<=0.01,0.03,0.07,1.0,0,0.13,0.14,0.13,0.12,0.14,0.15,0.12,0.07
main:2099-02-24,main,0,1,q0,2099-02-24,Tuesday,jev-1.13.0,Friday,0.14,0.15000000000000002,0.01,1,0,1,0.01,<=0.01,0.02,0.08,1.0,0,0.13,0.13,0.13,0.12,0.14,0.15000000000000002,0.12,0.08
main:2099-03-08,main,0,1,q0,2099-03-08,Sunday,jev-1.13.0,Tuesday,0.13999999999999999,0.14,0.0,0,1,3,0.0,0 (exact tie),0.03,0.08,1.0,0,0.14,0.13999999999999999,0.14,0.12,0.13,0.13,0.12,0.08
main:2099-03-28,main,0,1,q0,2099-03-28,Saturday,jev-1.13.0,Saturday,0.14,0.14,0.0,0,1,2,0.0,0 (exact tie),0.02,0.08,1.0,1,0.13,0.13,0.13,0.12,0.14,0.14,0.13,0.08
main:2099-04-20,main,0,1,q0,2099-04-20,Monday,jev-1.13.0,Saturday,0.14,0.14,0.0,0,1,3,0.0,0 (exact tie),0.02,0.09,1.0,0,0.12,0.14,0.13,0.12,0.14,0.14,0.12,0.09
main:2099-05-02,main,0,1,q0,2099-05-02,Saturday,jev-1.13.0,Tuesday,0.14,0.14,0.0,0,1,2,0.0,0 (exact tie),0.02,0.08,1.0,0,0.13,0.14,0.13,0.12,0.13,0.14,0.13,0.08
main:2099-05-06,main,0,1,q0,2099-05-06,Wednesday,jev-1.13.0,Tuesday,0.16,0.16,0.0,0,0,1,0.02,>0.01,0.03,0.06,1.0,0,0.13,0.16,0.13,0.12,0.14,0.14,0.12,0.06
main:2099-05-25,main,0,1,q0,2099-05-25,Monday,jev-1.13.0,Saturday,0.13999999999999999,0.14,0.0,0,1,2,0.0,0 (exact tie),0.02,0.09,1.0,0,0.13,0.13,0.13,0.12,0.14,0.13999999999999999,0.12,0.09
main:2099-07-13,main,0,1,q0,2099-07-13,Monday,jev-1.13.0,Saturday,0.14,0.14,0.0,0,1,3,0.0,0 (exact tie),0.02,0.08,1.0,0,0.13,0.14,0.13,0.12,0.14,0.14,0.12,0.08
main:2099-09-18,main,0,1,q0,2099-09-18,Friday,jev-1.13.0,Friday,0.14,0.14,0.0,0,1,3,0.0,0 (exact tie),0.02,0.08,1.0,1,0.13,0.14,0.13,0.12,0.14,0.14,0.12,0.08
main:2099-12-03,main,0,1,q0,2099-12-03,Thursday,jev-1.13.0,Saturday,0.14,0.14,0.0,0,1,2,0.0,0 (exact tie),0.01,0.09,1.0,0,0.13,0.13,0.13,0.12,0.14,0.14,0.12,0.09
main:2099-12-19,main,0,1,q0,2099-12-19,Saturday,jev-1.13.0,Saturday,0.15000000000000002,0.15000000000000002,0.0,0,0,1,0.01,<=0.01,0.02,0.08,1.0,1,0.13,0.13,0.13,0.12,0.14,0.15000000000000002,0.12,0.08
